"Estación","Provincia","Temperatura máxima (ºC)","Temperatura mínima (ºC)","Temperatura media (ºC)","Racha (km/h)","Velocidad máxima (km/h)","Precipitación 00-24h (mm)","Precipitación 00-06h (mm)","Precipitación 06-12h (mm)","Precipitación 12-18h (mm)","Precipitación 18-24h (mm)"
"Alforja","Tarragona","13.8 (16:00)","6.1 (08:20)","10","67 (07:50)","41 (09:30)","0","0","0","0","0"
"Reus Aeropuerto","Tarragona","16.9 (13:30)","2.1 (08:10)","9.5","63 (21:00)","49 (21:00)","0","0","0","0","0"
"Valls","Tarragona","15.3 (16:20)","9.2 (08:50)","12.3","","","0","0","0","0","0"
"Tarragona","Tarragona","19.4 (14:50)","6.5 (03:10)","12.9","","","0","0","0","0","0"
"Pontons","Barcelona","12.7 (14:10)","5.3 (07:30)","9","57 (16:00)","39 (16:00)","0","0","0","0","0"
"Vilafranca del Penedès","Barcelona","17.9 (16:20)","0.1 (06:30)","9","18 (09:40)","10 (14:00)","0","0","0","0","0"
"Sitges","Barcelona","15.6 (13:40)","6.0 (23:59)","10.8","29 (09:00)","14 (05:30)","0","0","0","0","0"
"Barcelona Aeropuerto","Barcelona","16.9 (14:50)","6.6 (07:00)","11.7","39 (02:20)","30 (06:20)","0","0","0","0","0"
"Berga","Barcelona","13.5 (15:40)","0.1 (08:50)","6.8","19 (13:40)","12 (13:10)","0","0","0","0","0"
"Balsareny","Barcelona","14.2 (16:00)","-5.1 (07:40)","4.5","24 (15:00)","12 (14:40)","0","0","0","0","0"
"Prats de Lluçanès","Barcelona","13.0 (15:40)","-3.6 (07:00)","4.7","20 (14:30)","11 (14:30)","0","0","0","0","0"
"Moià","Barcelona","12.1 (16:30)","2.4 (08:00)","7.3","21 (14:10)","14 (11:30)","0","0","0","0","0"
"Manresa","Barcelona","13.7 (16:50)","-1.7 (07:20)","6","32 (15:10)","20 (15:20)","0","0","0","0","0"
"Monistrol de Montserrat","Barcelona","10.8 (20:00)","2.8 (07:40)","6.8","","","0","0","0","0","0"
"Igualada","Barcelona","13.7 (16:30)","4.0 (00:00)","8.8","28 (09:40)","10 (11:30)","0","0","0","0","0"
"Corbera, Pic d'Agulles","Barcelona","9.5 (15:20)","4.4 (08:20)","7","","","0","0","0","0","0"
"Barcelona","Barcelona","15.0 (14:20)","7.7 (07:10)","11.3","28 (15:40)","15 (16:20)","0","0","0","0","0"
"Barcelona, Museo Marítimo","Barcelona","15.0 (14:10)","9.1 (07:50)","12.1","","","0","0","0","0","0"
"Caldes de Montbui","Barcelona","16.1 (15:50)","-0.6 (08:30)","7.8","18 (16:10)","13 (16:20)","0","0","0","0","0"
"Vilassar de Dalt","Barcelona","15.6 (14:10)","7.5 (04:20)","11.6","22 (05:40)","11 (05:30)","0","0","0","0","0"
"Arenys de Mar","Barcelona","15.7 (12:20)","5.1 (04:40)","10.4","19 (14:30)","8 (07:00)","0","0","0","0","0"
"Santa Susanna","Barcelona","","","","","","","","","",""
"Fogars de Montclús","Barcelona","12.4 (15:00)","4.3 (23:59)","8.3","","","0","0","0","0","0"
"Blanes","Girona","16.3 (12:40)","8.8 (02:00)","12.5","32 (13:40)","21 (13:30)","0","0","0","0","0"
"Castell, Platja d'Aro","Girona","16.6 (13:50)","1.6 (07:10)","9.1","32 (23:50)","16 (23:50)","0","0","0","0","0"
"Sant Pau de Segúries","Girona","13.6 (14:00)","-3.8 (05:40)","4.9","21 (15:50)","10 (15:50)","0","0","0","0","0"
"Planoles","Girona","14.0 (12:40)","4.1 (07:10)","9","102 (20:30)","35 (13:40)","0","0","0","0","0"
"Ripoll","Girona","14.7 (15:10)","-4.1 (06:50)","5.3","","","0","0","0","0","0"
"Tona","Barcelona","13.8 (14:10)","-2.2 (07:20)","5.8","20 (18:30)","8 (18:30)","0","0","0","0","0"
"Sant Julià  de Vilatorta","Barcelona","12.7 (16:10)","-3.1 (08:30)","4.8","15 (14:00)","9 (14:00)","0","0","0","0","0"
"Les Planes d'Hostoles","Girona","16.5 (15:40)","-4.0 (07:10)","6.3","13 (16:00)","5 (13:30)","0","0","0","0","0"
"Sant Hilari","Girona","13.8 (14:40)","0.9 (23:59)","7.4","16 (12:00)","9 (12:00)","0","0","0","0","0"
"Girona Aeropuerto","Girona","16.7 (15:20)","-1.8 (06:50)","7.5","24 (12:50)","17 (17:10)","0","0","0","0","0"
"Girona","Girona","17.9 (16:00)","0.2 (08:30)","9","17 (13:20)","8 (13:10)","0","0","0","0","0"
"Porqueres","Girona","16.8 (14:10)","0.0 (07:50)","8.4","21 (14:50)","13 (14:50)","0","0","0","0","0"
"L'Estartit","Girona","17.5 (14:50)","2.7 (07:30)","10.1","57 (23:10)","28 (19:10)","0","0","0","0","0"
"La Vall de Bianya","Girona","16.8 (14:50)","-4.3 (07:00)","6.2","24 (15:00)","13 (15:10)","0","0","0","0","0"
"Castelló d'Empúries","Girona","17.5 (13:20)","-0.7 (07:40)","8.4","78 (23:20)","41 (23:50)","0","0","0","0","0"
"Maçanet de Cabrenys","Girona","17.3 (14:50)","1.9 (07:30)","9.6","80 (18:50)","28 (18:50)","0","0","0","0","0"
"Espolla","Girona","18.9 (13:40)","4.6 (04:20)","11.7","93 (22:20)","46 (22:10)","0","0","0","0","0"
"Figueres","Girona","17.3 (14:10)","3.8 (05:10)","10.5","80 (20:40)","40 (22:50)","0","0","0","0","0"
"Cabo de Creus","Girona","14.3 (16:10)","9.8 (09:00)","12.1","","93 (19:30)","","0","0","0",""
"Baztan, Irurita","Navarra","9.9 (16:10)","2.0 (01:30)","5.9","30 (19:10)","14 (19:10)","9.2","0","1.6","3.4","4.2"
"Bera","Navarra","10.8 (15:40)","3.3 (00:00)","7.1","33 (16:00)","14 (16:00)","10.4","0.4","2.2","6.8","1"
"Irún","Gipuzkoa","9.7 (15:30)","3.1 (01:10)","6.4","48 (17:40)","18 (15:10)","7.6","0","0.6","6.8","0.2"
"San Sebastián Aeropuerto","Gipuzkoa","11.8 (15:20)","4.6 (00:10)","8.2","46 (17:00)","23 (17:00)","4.1","0","0.3","3.8","0"
"Renteria","Gipuzkoa","9.0 (15:40)","3.7 (02:30)","6.4","34 (18:20)","16 (18:30)","22","0.4","3","14.8","3.8"
"Segura - Lastala","Gipuzkoa","11.2 (15:00)","2.9 (01:40)","7","22 (13:50)","8 (14:00)","5.6","0.2","0.6","0.2","4.6"
"Beasain","Gipuzkoa","9.6 (16:40)","3.2 (00:10)","6.4","35 (23:30)","14 (15:30)","8.6","0","1","0.4","7.2"
"Ordizia","Gipuzkoa","9.1 (16:20)","3.0 (00:20)","6.1","37 (22:30)","13 (23:00)","7.4","0","0.6","0.8","6"
"Areso","Navarra","6.9 (15:00)","1.5 (03:10)","4.2","33 (22:20)","10 (22:20)","18.6","0.4","3.4","6.8","8"
"Legazpia","Gipuzkoa","7.2 (15:00)","0.2 (00:00)","3.7","","","6","0","0.8","1.4","3.8"
"Zumarraga","Gipuzkoa","7.3 (16:40)","1.2 (00:20)","4.3","46 (23:40)","23 (23:40)","","","","",""
"Azpeitia","Gipuzkoa","10.6 (16:00)","3.9 (00:30)","7.3","45 (23:30)","16 (13:20)","13.2","0.2","2.2","1","9.8"
"Zumaia","Gipuzkoa","12.3 (14:40)","5.2 (03:30)","8.8","69 (18:00)","44 (22:20)","2.5","0.4","1.6","0.5","0"
"Aramaio","Araba/Álava","6.5 (12:40)","2.2 (05:10)","4.4","","","18.4","0","1.4","2.6","14.4"
"Aretxabaleta","Gipuzkoa","8.1 (16:40)","3.0 (00:00)","5.6","","","9.2","0","1.6","1.8","5.8"
"Elgeta","Gipuzkoa","","","","","","","","","",""
"Elgoibar","Gipuzkoa","9.5 (16:30)","3.5 (00:10)","6.5","36 (23:59)","11 (18:30)","6.6","0.1","1.7","1.3","3.5"
"Mutriku","Gipuzkoa","10.1 (14:20)","4.4 (01:50)","7.3","47 (17:50)","27 (17:40)","4","0.8","0.6","1.6","1"
"Forua","Bizkaia","10.8 (15:30)","5.1 (00:00)","8","37 (16:10)","23 (17:00)","6.8","0.8","1.8","1","3.2"
"Machichaco","Bizkaia","10.6 (20:40)","5.0 (00:20)","7.8","73 (17:00)","62 (17:00)","4.4","0.2","0.2","3.4","0.6"
"Punta Galea","Bizkaia","","","","48 (23:00)","26 (17:50)","4.1","0.8","0.4","0.5","2.4"
"Amurrio","Araba/Álava","10.0 (14:00)","4.5 (00:00)","7.3","33 (22:50)","17 (16:00)","4.6","0.2","0.6","0.2","3.6"
"Orozko","Bizkaia","8.3 (14:30)","3.9 (00:00)","6.1","33 (19:40)","10 (20:10)","8.4","0","1.8","1","5.6"
"Abadiño","Bizkaia","5.6 (15:00)","1.7 (04:10)","3.6","","","13.6","0.2","1.6","1.2","10.6"
"Amorebieta--Etxano","Bizkaia","10.4 (13:50)","5.0 (01:00)","7.7","44 (18:10)","21 (18:20)","11.6","0.4","3.4","3.2","4.6"
"Balmaseda","Bizkaia","10.3 (12:40)","4.9 (03:00)","7.6","","","3.4","0","0","0","3.4"
"Güeñes","Bizkaia","10.0 (13:30)","4.7 (00:40)","7.3","36 (19:50)","19 (23:59)","4.8","0.1","1.1","0","3.6"
"Bilbao Aeropuerto","Bizkaia","11.2 (12:50)","5.7 (07:20)","8.4","","","","0.2","","1.5","3.2"
"Sopuerta","Bizkaia","12.0 (13:00)","5.5 (02:30)","8.8","42 (23:50)","16 (19:20)","7","0.4","0.8","0.2","5.6"
"Castro Urdiales","Cantabria","12.1 (13:10)","6.9 (00:00)","9.5","71 (23:59)","38 (23:10)","3.5","0.5","0","0.5","2.5"
"Ramales de la Victoria","Cantabria","10.9 (15:00)","5.9 (01:50)","8.4","28 (20:00)","12 (20:00)","4.8","0","0.4","0.2","4.2"
"Barcena de Cicero, Treto","Cantabria","11.5 (13:20)","7.0 (01:20)","9.3","34 (18:00)","15 (12:50)","4.2","0","0","0.4","3.8"
"Soba, Alto Miera","Cantabria","5.6 (13:00)","-0.8 (03:00)","2.4","39 (21:30)","23 (21:30)","7","0","1.8","1.4","3.8"
"Santander Aeropuerto","Cantabria","11.7 (14:40)","7.1 (02:00)","9.4","39 (16:20)","24 (16:20)","3.5","0","0","0.2","3.3"
"Santander","Cantabria","11.3 (12:20)","7.0 (01:50)","9.2","56 (22:00)","37 (22:40)","2","0.2","0","0.4","1.4"
"Villacarriedo","Cantabria","9.7 (14:50)","5.6 (07:30)","7.6","39 (22:50)","21 (22:50)","5.2","0","0.6","0.2","4.4"
"Los Tojos, Bárcena Mayor","Cantabria","8.8 (15:30)","-1.7 (00:40)","3.6","50 (21:50)","25 (22:00)","3.6","0","0.2","0.2","3.2"
"San Felices de Buelna","Cantabria","11.4 (15:20)","5.8 (01:50)","8.6","32 (23:40)","18 (23:40)","5.8","0.2","0.8","0","4.8"
"Torrelavega, Sierrapando","Cantabria","10.6 (14:10)","6.2 (03:00)","8.4","41 (17:00)","27 (17:00)","2.6","0","0","0","2.6"
"San Vicente de la Barquera","Cantabria","12.3 (15:20)","6.9 (03:20)","9.6","46 (19:10)","32 (20:00)","1.8","0","0","0","1.8"
"Camaleño, Fuente De","Cantabria","9.1 (15:50)","-2.0 (09:00)","3.6","14 (14:10)","6 (15:10)","0","0","0","0","0"
"Cillórigo de Liébana, Tama","Cantabria","12.2 (15:20)","-3.3 (05:40)","4.4","45 (22:00)","21 (16:50)","0","0","0","0","0"
"Tresviso","Cantabria","7.9 (15:10)","0.3 (05:40)","4.1","42 (19:20)","28 (17:10)","1","0","0","0","1"
"Posada de Valdeón, Soto","León","6.3 (15:00)","-4.3 (09:20)","1","","","0","0","0","0","0"
"Cabrales","Asturias","9.6 (16:00)","2.8 (00:10)","6.2","31 (16:10)","22 (15:50)","0.6","0","0","0","0.6"
"Llanes","Asturias","12.6 (14:40)","8.6 (03:20)","10.6","37 (18:30)","21 (18:30)","0.8","0","0","0","0.8"
"Amieva, Panizales","Asturias","13.3 (15:10)","-0.5 (05:10)","6.4","21 (15:20)","12 (15:10)","0.8","0","0","0","0.8"
"Piloña, Bargaéu","Asturias","11.6 (15:00)","4.4 (06:50)","8","14 (13:40)","7 (13:50)","1.2","0","0","0","1.2"
"Colunga","Asturias","13.5 (13:30)","7.4 (06:10)","10.5","21 (00:10)","12 (07:00)","0.6","0","0","0","0.6"
"Gijón, Campus","Asturias","13.0 (14:30)","6.8 (00:50)","9.9","20 (14:40)","13 (16:50)","0.6","0","0","0","0.6"
"Cabo Peñas","Asturias","11.5 (15:30)","6.9 (03:50)","9.2","27 (00:10)","19 (00:10)","0.1","0","0","0","0.1"
"Asturias Aeropuerto","Asturias","12.0 (14:00)","5.9 (02:00)","9","26 (10:00)","17 (10:00)","0.4","0","0","0","0.4"
"Pajares-Valgrande","Asturias","5.7 (14:50)","-1.0 (18:10)","2.3","62 (22:40)","23 (23:10)","1.5","0","0","0","1.5"
"Lena, Ronzón","Asturias","10.1 (13:50)","-2.3 (05:40)","3.9","26 (15:10)","15 (15:10)","0.2","0","0","0","0.2"
"Aller, Felechosa","Asturias","7.6 (14:00)","-2.4 (09:50)","2.6","25 (23:00)","12 (23:00)","0.4","0","0","0","0.4"
"Mieres, Baiña","Asturias","12.3 (15:30)","1.4 (00:00)","6.9","15 (15:30)","7 (15:10)","0.2","0","0","0","0.2"
"Oviedo","Asturias","10.5 (15:10)","3.7 (06:20)","7.1","19 (15:10)","12 (06:00)","0.2","0","0","0","0.2"
"Tineo, Soutu","Asturias","10.1 (17:40)","-0.4 (00:40)","4.9","16 (13:40)","9 (13:40)","0","0","0","0","0"
"Pola de Somiedo","Asturias","11.0 (15:10)","-3.4 (09:30)","3.8","26 (15:30)","15 (16:40)","0","0","0","0","0"
"Salas, Camuño","Asturias","12.3 (16:30)","3.4 (00:10)","7.9","15 (13:00)","10 (12:50)","0","0","0","0","0"
"Cabo Busto","Asturias","11.9 (16:30)","5.9 (00:20)","8.9","27 (06:40)","21 (06:40)","0","0","0","0","0"
"Cervantes","Lugo","","","","","","","","","",""
"Degaña","Asturias","10.5 (15:20)","-1.9 (08:50)","4.3","40 (20:30)","19 (20:50)","0","0","0","0","0"
"Ibias, San Antolin","Asturias","10.5 (16:00)","-1.8 (06:00)","4.4","43 (19:10)","28 (22:00)","0","0","0","0","0"
"Villayón, Oneta","Asturias","8.4 (13:20)","3.5 (04:20)","5.9","24 (16:30)","15 (16:30)","0.2","0","0.2","0","0"
"Castropol","Asturias","13.7 (16:00)","6.9 (00:00)","10.3","19 (13:00)","9 (03:40)","0.1","0","0","0","0.1"
"Taramundi, Ouria","Asturias","9.3 (13:00)","5.6 (04:00)","7.5","32 (16:30)","23 (16:30)","0.2","0","0","0","0.2"
"Ribadeo","Lugo","11.6 (16:20)","8.0 (23:40)","9.8","19 (01:20)","11 (05:40)","0","0","0","0","0"
"Mondoñedo","Lugo","10.4 (16:00)","7.5 (01:20)","8.9","","","0.6","0","0.2","0.2","0.2"
"Burela","Lugo","11.2 (15:10)","8.7 (08:50)","9.9","","","1.8","0.4","0.8","0.6","0"
"Estaca de Bares","A Coruña","11.7 (15:20)","8.9 (11:00)","10.3","49 (23:20)","35 (23:00)","1.2","0","1.2","0","0"
"Ferrol","A Coruña","13.6 (15:40)","6.5 (03:50)","10.1","33 (15:50)","26 (15:50)","0","0","0","0","0"
"As Pontes","A Coruña","12.5 (15:10)","0.4 (03:30)","6.5","","","0","0","0","0","0"
"A Coruña","A Coruña","12.9 (15:50)","5.3 (04:10)","9.1","45 (16:30)","26 (16:40)","0","0","0","0","0"
"A Coruña Bens","A Coruña","12.0 (15:50)","4.3 (04:10)","8.2","35 (16:40)","27 (16:30)","0","0","0","0","0"
"A Coruña Aeropuerto","A Coruña","12.6 (16:50)","0.6 (04:00)","6.6","50 (16:40)","24 (17:20)","0","0","0","0","0"
"Carballo, Depuradora","A Coruña","12.2 (16:20)","1.3 (04:40)","6.7","","","0","0","0","0","0"
"Cabo Vilán","A Coruña","11.4 (12:20)","8.0 (03:40)","9.7","73 (21:50)","59 (05:30)","0","0","0","0","0"
"Vimianzo","A Coruña","11.1 (14:20)","5.1 (04:10)","8.1","","","0","0","0","0","0"
"Fisterra","A Coruña","12.6 (03:30)","7.3 (05:00)","10","78 (05:10)","54 (05:10)","0","0","0","0","0"
"Mazaricos","A Coruña","10.6 (15:50)","3.0 (04:50)","6.8","","","0","0","0","0","0"
"Sobrado","A Coruña","14.8 (16:00)","-4.0 (04:40)","5.4","","","0","0","0","0","0"
"Santiago de Compostela Aeropuerto","A Coruña","12.7 (15:50)","0.2 (05:20)","6.4","35 (17:10)","18 (05:20)","0","0","0","0","0"
"Noia","A Coruña","13.6 (15:40)","5.8 (06:00)","9.7","28 (17:00)","9 (17:00)","0","0","0","0","0"
"Monte Iroite","A Coruña","","","","","","0","0","0","0","0"
"Boiro","A Coruña","15.2 (15:50)","0.4 (04:40)","7.8","","","0","0","0","0","0"
"Monterroso","Lugo","10.8 (14:50)","0.8 (05:50)","5.8","","","0","0","0","0","0"
"Silleda","Pontevedra","15.7 (16:40)","-0.8 (06:10)","7.4","37 (22:40)","15 (07:30)","0","0","0","0","0"
"A Estrada","Pontevedra","13.5 (16:20)","-0.4 (05:50)","6.5","","","0","0","0","0","0"
"Padrón","A Coruña","15.5 (15:50)","-0.5 (07:10)","7.5","40 (23:00)","25 (13:00)","0","0","0","0","0"
"Santiago de Compostela","A Coruña","13.9 (15:10)","2.8 (05:20)","8.3","38 (16:50)","14 (05:20)","0","0","0","0","0"
"Rois, Casas do Porto","A Coruña","","","","","","","0","0","0",""
"Vilagarcía de Arousa","Pontevedra","15.6 (16:20)","3.0 (05:30)","9.3","49 (18:20)","26 (18:20)","0","0","0","0","0"
"Pontevedra","Pontevedra","16.5 (16:10)","3.2 (09:20)","9.9","40 (19:20)","17 (16:40)","0","0","0","0","0"
"A Lama","Pontevedra","17.7 (15:50)","-1.3 (06:30)","8.2","62 (23:10)","30 (23:10)","0","0","0","0","0"
"Vigo Aeropuerto","Pontevedra","16.3 (16:00)","2.0 (09:20)","9.1","50 (19:30)","34 (19:30)","0","0","0","0","0"
"Vigo","Pontevedra","16.8 (16:10)","6.2 (07:40)","11.5","32 (18:10)","15 (23:59)","0","0","0","0","0"
"Lugo Aeropuerto","Lugo","12.1 (14:40)","-1.5 (00:00)","5.3","36 (22:30)","19 (22:30)","0","0","0","0","0"
"Lugo","Lugo","10.5 (13:50)","0.5 (00:00)","5.5","33 (17:30)","15 (17:50)","0","0","0","0","0"
"O Páramo","Lugo","12.7 (15:20)","-1.8 (01:00)","5.4","","","0","0","0","0","0"
"Becerreá","Lugo","7.8 (15:50)","-1.1 (09:50)","3.4","41 (23:10)","16 (23:00)","0","0","0","0","0"
"O Saviñao","Lugo","","","","","","","","","",""
"Villablino","León","17.3 (15:00)","-6.9 (08:40)","5.2","37 (17:50)","23 (17:30)","0","0","0","0","0"
"Puerto de Leitariegos","Asturias","10.2 (14:00)","-1.0 (20:40)","4.6","41 (20:40)","23 (21:00)","0","0","0","0","0"
"Ponferrada","León","14.4 (17:50)","-3.4 (08:30)","5.5","14 (18:50)","8 (08:30)","0","0","0","0","0"
"Vega de Espinareda","León","17.0 (16:00)","-3.9 (08:00)","6.5","","","0","0","0","0","0"
"O Barco de Valdeorras","Ourense","11.3 (17:30)","-3.6 (08:20)","3.9","","","0","0","0","0","0"
"A Pobra de Trives","Ourense","12.5 (15:40)","-1.4 (07:20)","5.6","35 (18:40)","15 (17:10)","0","0","0","0","0"
"Chandrexa de Queixa","Ourense","14.0 (16:10)","-2.5 (08:20)","5.8","17 (16:10)","8 (14:30)","0","0","0","0","0"
"Folgoso do Courel","Lugo","12.2 (16:40)","-2.9 (10:20)","4.6","","","0","0","0","0","0"
"Monforte de Lemos","Lugo","14.8 (17:00)","-5.9 (07:50)","4.5","32 (19:20)","15 (19:50)","0","0","0","0","0"
"Ourense","Ourense","16.3 (17:20)","-3.1 (06:50)","6.6","26 (18:40)","10 (18:30)","0","0","0","0","0"
"Beariz","Ourense","17.4 (15:40)","-4.9 (07:10)","6.2","","","0","0","0","0","0"
"O Carballiño","Ourense","15.5 (16:50)","-3.6 (09:30)","6","28 (18:50)","10 (18:50)","0","0","0","0","0"
"Ribadavia","Ourense","","","","","","","","","",""
"Allariz","Ourense","12.8 (16:00)","-5.7 (08:50)","3.6","","","0","0","0","0","0"
"A Cañiza","Pontevedra","15.1 (17:20)","1.4 (09:20)","8.3","","","0","0","0","0","0"
"Ponteareas, Canedo","Pontevedra","18.0 (17:40)","-2.2 (07:50)","7.9","","","0","0","0","0","0"
"O Rosal","Pontevedra","18.3 (17:00)","0.2 (09:10)","9.2","","","0","0","0","0","0"
"Xinzo de Limia","Ourense","11.9 (16:30)","-9.9 (07:30)","1","28 (15:20)","13 (17:10)","0","0","0","0","0"
"Muiños","Ourense","","","","","","","","","",""
"Santillana del Mar, Altamira","Cantabria","10.8 (14:20)","5.6 (04:20)","8.2","35 (17:50)","21 (23:40)","5.2","0.2","0.2","0","4.8"
"Vinuesa, Quintanarejo","Soria","9.8 (15:00)","1.6 (00:20)","5.7","","","0","0","0","0","0"
"La Póveda de Soria, Barriomartín","Soria","6.1 (15:10)","1.1 (23:50)","3.6","73 (23:10)","43 (20:10)","0.2","0","0","0","0.2"
"Soria","Soria","14.6 (15:30)","-3.4 (06:10)","5.6","46 (10:20)","27 (10:20)","0","0","0","0","0"
"Lubia","Soria","14.2 (16:20)","-4.9 (08:00)","4.6","41 (22:10)","21 (23:20)","0","0","0","0","0"
"Morón de Almazán","Soria","13.0 (16:40)","-9.3 (06:00)","1.8","56 (19:10)","44 (19:10)","0","0","0","0","0"
"La Riba de Escalote","Soria","12.2 (16:10)","-5.9 (05:40)","3.1","47 (18:30)","36 (17:20)","0","0","0","0","0"
"Ucero","Soria","15.3 (16:00)","-9.1 (08:10)","3.1","","","0","0","0","0","0"
"Burgo de Osma","Soria","13.0 (14:50)","-8.2 (05:20)","2.4","48 (15:50)","38 (16:00)","0","0","0","0","0"
"Liceras","Soria","9.8 (15:00)","0.1 (22:10)","5","39 (17:40)","27 (17:50)","0","0","0","0","0"
"Coruña del Conde","Burgos","12.5 (14:40)","-4.6 (05:10)","4","38 (17:10)","27 (16:20)","0","0","0","0","0"
"Aranda de Duero","Burgos","9.3 (13:10)","-7.1 (08:40)","1.1","40 (16:00)","19 (15:50)","0","0","0","0","0"
"Fresno de Cantespino","Segovia","11.1 (14:30)","-3.1 (00:50)","4","35 (19:10)","26 (19:20)","0","0","0","0","0"
"Aldeanueva de Serrezuela","Segovia","7.9 (14:00)","1.0 (21:30)","4.5","42 (22:10)","24 (19:10)","0","0","0","0","0"
"La Pinilla, estación de esquí","Segovia","6.1 (13:40)","-3.0 (22:10)","1.5","","","","0","","0","0"
"Peñafiel","Valladolid","11.6 (16:00)","-5.2 (06:30)","3.2","","","0","0","0","0","0"
"Sardón de Duero","Valladolid","13.4 (17:10)","-8.5 (08:30)","2.4","31 (19:50)","13 (19:10)","0","0","0","0","0"
"Pedraza","Segovia","10.7 (15:40)","-0.9 (07:10)","4.9","30 (15:20)","18 (15:00)","0","0","0","0","0"
"Cuéllar","Segovia","13.9 (16:00)","-8.9 (07:40)","2.5","48 (20:30)","35 (20:30)","0","0","0","0","0"
"Cervera de Pisuerga","Palencia","13.7 (14:30)","0.7 (08:00)","7.2","54 (18:00)","30 (17:50)","0","0","0","0","0"
"Aguilar de Campoo","Palencia","9.1 (15:00)","-7.3 (07:40)","0.9","39 (16:40)","24 (16:30)","0","0","0","0","0"
"Villaeles de Valdavia","Palencia","12.6 (16:20)","-5.3 (09:00)","3.7","32 (17:20)","19 (17:30)","0","0","0","0","0"
"Villadiego","Burgos","8.9 (15:00)","0.7 (08:20)","4.8","55 (16:50)","47 (16:50)","0","0","0","0","0"
"Pedrosa del Príncipe","Burgos","11.3 (15:40)","-7.5 (06:50)","1.9","41 (23:20)","24 (23:30)","0","0","0","0","0"
"Ólvega","Soria","8.6 (14:50)","-1.8 (03:20)","3.4","50 (20:40)","31 (20:40)","0","0","0","0","0"
"Palacios de la Sierra","Burgos","12.7 (15:30)","-8.6 (04:50)","2","","","0","0","0","0","0"
"Monterrubio de la Demanda","Burgos","8.0 (14:40)","-3.3 (04:00)","2.4","58 (18:20)","30 (18:20)","0.2","0","0","0","0.2"
"Villamayor de los Montes","Burgos","9.4 (15:40)","-2.9 (03:30)","3.2","57 (18:40)","37 (18:50)","0","0","0","0","0"
"Burgos Aeropuerto","Burgos","8.7 (15:20)","-5.6 (04:40)","1.5","47 (18:00)","32 (18:00)","0.6","0","0","0","0.6"
"Velilla del Río Carrión, Camporredondo de Alba","Palencia","13.6 (16:20)","-0.2 (21:30)","6.7","65 (22:50)","29 (23:10)","0","0","0","0","0"
"Carrión de los Condes","Palencia","13.0 (16:20)","-5.9 (07:30)","3.5","36 (18:50)","16 (18:40)","0","0","0","0","0"
"Autilla del Pino","Palencia","10.3 (16:00)","-1.9 (05:00)","4.2","36 (06:00)","24 (11:20)","0","0","0","0","0"
"Palencia","Palencia","12.3 (15:30)","-6.3 (08:30)","3","35 (19:00)","18 (19:00)","0","0","0","0","0"
"Valladolid","Valladolid","12.4 (16:10)","-3.2 (09:20)","4.6","28 (19:50)","11 (19:50)","0","0","0","0","0"
"Muñotello","Ávila","12.2 (12:30)","-0.3 (08:20)","5.9","23 (13:40)","15 (13:20)","0","0","0","0","0"
"Ávila","Ávila","10.4 (15:10)","-2.6 (07:30)","3.9","32 (23:00)","18 (14:30)","0","0","0","0","0"
"Arevalo","Ávila","12.2 (15:50)","-5.2 (08:40)","3.5","25 (20:50)","15 (21:20)","0","0","0","0","0"
"Puerto de Navacerrada","Madrid","5.5 (14:30)","-3.4 (23:59)","1","55 (23:10)","31 (22:00)","0","0","0","0","0"
"Segovia","Segovia","11.3 (14:10)","-0.1 (07:20)","5.6","32 (23:20)","17 (23:20)","0","0","0","0","0"
"San Rafael","Segovia","10.4 (15:00)","-2.0 (06:10)","4.2","","","0","0","0","0","0"
"Miguelañez","Segovia","","","","39 (20:40)","26 (20:40)","0","0","0","0","0"
"La Covatilla, estación de esquí","Salamanca","7.1 (12:30)","-0.7 (05:50)","3.2","45 (23:50)","30 (23:59)","0","0","0","0","0"
"Olmedo, Depósito de Agua","Valladolid","12.6 (17:10)","-4.1 (06:30)","4.3","37 (20:20)","21 (20:30)","0","0","0","0","0"
"Rueda","Valladolid","12.0 (16:40)","-5.0 (05:30)","3.5","","","0","0","0","0","0"
"Rivilla de Barajas","Ávila","10.9 (15:50)","0.6 (08:10)","5.7","26 (12:40)","19 (12:40)","0","0","0","0","0"
"Fuente el Sol","Valladolid","15.5 (17:00)","-6.2 (05:50)","4.7","24 (20:30)","18 (20:30)","0","0","0","0","0"
"Morales del Toro","Zamora","16.1 (15:50)","-6.8 (08:50)","4.7","41 (20:20)","32 (20:20)","0","0","0","0","0"
"Fuentesauco","Zamora","12.3 (17:40)","-3.4 (08:10)","4.5","31 (21:00)","24 (21:00)","0","0","0","0","0"
"Coreses","Zamora","14.0 (17:10)","-4.5 (08:20)","4.8","28 (21:40)","19 (06:10)","0","0","0","0","0"
"Santervás de la Vega, Villapún","Palencia","11.9 (17:10)","-2.9 (05:40)","4.5","26 (21:50)","13 (22:10)","0","0","0","0","0"
"Villalón de Campos","Valladolid","14.7 (16:50)","-7.1 (07:30)","3.8","27 (19:10)","13 (11:30)","0","0","0","0","0"
"Medina de Rioseco","Valladolid","12.1 (17:10)","-6.6 (08:30)","2.8","36 (19:20)","23 (19:20)","0","0","0","0","0"
"Villafáfila","Zamora","13.4 (16:40)","-7.2 (08:40)","3.1","30 (20:10)","18 (20:20)","0","0","0","0","0"
"Zamora","Zamora","13.2 (16:30)","-4.6 (08:50)","4.3","14 (21:20)","9 (21:20)","0","0","0","0","0"
"Riaño","León","11.1 (14:20)","-4.9 (07:00)","3.1","55 (22:40)","32 (19:00)","0","0","0","0","0"
"Cubillas de Rueda","León","12.2 (16:40)","-5.1 (07:30)","3.5","37 (19:30)","22 (19:30)","0","0","0","0","0"
"Puerto de San Isidro","León","6.4 (14:30)","-1.8 (08:50)","2.3","65 (22:30)","35 (22:30)","0.2","0","0","0","0.2"
"León, Virgen del Camino","León","14.8 (16:20)","-0.5 (03:00)","7.2","48 (18:30)","32 (18:50)","0","0","0","0","0"
"Valencia de Don Juan","León","12.4 (16:40)","-5.0 (08:40)","3.7","45 (19:20)","36 (19:30)","0","0","0","0","0"
"Barrios de Luna, Miñera","León","16.0 (14:10)","-1.7 (08:30)","7.1","57 (20:30)","37 (20:30)","0","0","0","0","0"
"Quintana del Castillo, Villameca","León","14.8 (16:00)","0.6 (23:50)","7.7","31 (18:50)","21 (07:10)","0","0","0","0","0"
"Astorga","León","19.0 (17:50)","-1.3 (08:20)","8.9","40 (19:10)","32 (19:10)","0","0","0","0","0"
"Lagunas de Somoza","León","15.5 (15:50)","-2.1 (08:40)","6.7","19 (04:50)","14 (05:20)","0","0","0","0","0"
"Bustillo del Páramo","León","14.2 (16:50)","-3.3 (08:20)","5.4","48 (20:00)","36 (20:00)","0","0","0","0","0"
"Benavente","Zamora","13.7 (16:40)","-5.3 (08:50)","4.2","28 (20:10)","16 (20:10)","0","0","0","0","0"
"Sanabria, Robleda-Cervantes","Zamora","15.8 (16:40)","-8.7 (08:30)","3.6","17 (12:40)","9 (12:50)","0","0","0","0","0"
"Villardeciervos","Zamora","16.0 (17:10)","-6.8 (08:50)","4.6","21 (12:20)","9 (21:20)","0","0","0","0","0"
"Santibañez de Vidriales","Zamora","13.0 (16:20)","-6.6 (08:50)","3.2","33 (19:40)","20 (19:40)","0","0","0","0","0"
"Pozuelo de Tabara","Zamora","12.3 (16:20)","-5.6 (08:40)","3.4","17 (21:20)","10 (21:20)","0","0","0","0","0"
"Villadepera","Zamora","12.3 (17:10)","-2.4 (08:40)","5","33 (22:10)","24 (22:10)","0","0","0","0","0"
"Barco de Avila","Ávila","15.4 (15:10)","-4.3 (07:20)","5.5","28 (16:50)","17 (16:50)","0","0","0","0","0"
"Pedrosillo de Los Aires","Salamanca","12.7 (14:50)","-6.6 (08:20)","3","31 (13:20)","23 (13:20)","0","0","0","0","0"
"Pedraza de Alba","Salamanca","11.9 (15:20)","-5.5 (08:30)","3.2","29 (13:10)","19 (13:10)","0","0","0","0","0"
"Salamanca Aeropuerto","Salamanca","12.4 (15:30)","-7.1 (08:30)","2.6","35 (12:40)","26 (12:40)","0","0","0","0","0"
"Salamanca","Salamanca","13.7 (15:00)","-3.2 (08:20)","5.2","26 (13:10)","13 (13:10)","0","0","0","0","0"
"Barbadillo","Salamanca","12.3 (15:20)","-5.8 (08:30)","3.3","34 (13:50)","23 (13:50)","0","0","0","0","0"
"Peñausende","Zamora","12.5 (17:20)","1.6 (23:30)","7.1","","14 (09:30)","0","0","0","0","0"
"Fresno de Sayago","Zamora","14.8 (17:40)","-4.9 (03:50)","5","27 (13:40)","22 (12:00)","0","0","0","0","0"
"Villarino de los Aires","Salamanca","16.8 (16:10)","-2.9 (08:40)","6.9","29 (23:59)","17 (23:59)","0","0","0","0","0"
"Boadilla Fuente San Esteban","Salamanca","13.0 (14:40)","-4.1 (05:00)","4.5","28 (13:30)","20 (13:30)","0","0","0","0","0"
"Vitigudino","Salamanca","15.9 (15:40)","-2.5 (05:40)","6.7","27 (22:50)","18 (23:50)","0","0","0","0","0"
"El Maíllo","Salamanca","13.5 (12:40)","0.3 (06:40)","6.9","30 (23:30)","20 (14:00)","0","0","0","0","0"
"Bañobárez","Salamanca","13.8 (16:10)","-3.4 (07:30)","5.2","28 (23:50)","18 (23:50)","0","0","0","0","0"
"Navasfrías","Salamanca","14.7 (16:00)","-5.1 (08:30)","4.8","26 (13:40)","14 (16:10)","0","0","0","0","0"
"El Bodón Base Aérea","Salamanca","14.3 (15:40)","-3.3 (07:20)","5.5","30 (16:50)","19 (16:20)","0","0","0","0","0"
"Saelices El Chico","Salamanca","16.5 (15:30)","-5.0 (08:50)","5.8","45 (23:20)","28 (23:30)","0","0","0","0","0"
"Alcañices","Zamora","15.6 (16:30)","-0.9 (05:50)","7.4","34 (22:20)","25 (22:20)","0","0","0","0","0"
"A Gudiña","Ourense","14.8 (15:50)","2.8 (08:40)","8.8","","","0","0","0","0","0"
"Verín","Ourense","17.4 (15:50)","-6.5 (09:20)","5.4","","","0","0","0","0","0"
"Molina de Aragón","Guadalajara","12.4 (16:40)","-10.4 (07:40)","1","36 (19:00)","20 (19:10)","0","0","0","0","0"
"Zaorejas","Guadalajara","10.8 (15:40)","-0.2 (09:10)","5.3","46 (19:20)","22 (19:30)","0","0","0","0","0"
"Beteta","Cuenca","","","","","","","","","",""
"Cañizares","Cuenca","16.0 (14:40)","-6.0 (08:30)","5","","","0","0","0","0","0"
"Pastrana","Guadalajara","16.3 (14:50)","1.6 (09:00)","8.9","","","0","0","0","0","0"
"Tarancón","Cuenca","","","","42 (23:40)","25 (23:40)","0","0","0","0","0"
"Ocaña","Toledo","15.4 (16:10)","-1.1 (08:30)","7.1","46 (21:00)","32 (21:30)","0","0","0","0","0"
"Aranjuez","Madrid","18.0 (16:50)","-4.8 (07:30)","6.6","26 (20:00)","13 (20:00)","0","0","0","0","0"
"Pantano el Vado","Guadalajara","15.5 (14:30)","-0.3 (03:50)","7.6","57 (22:30)","25 (19:50)","0","0","0","0","0"
"Rascafría","Madrid","14.0 (13:50)","-2.4 (00:40)","5.8","36 (19:30)","14 (19:40)","0","0","0","0","0"
"Buitrago del Lozoya","Madrid","14.0 (13:50)","-2.2 (04:00)","5.9","53 (20:00)","24 (14:10)","0","0","0","0","0"
"Somosierra","Madrid","7.8 (16:10)","-1.3 (22:20)","3.3","42 (20:10)","19 (19:40)","0","0","0","0","0"
"San Sebastián de Los Reyes","Madrid","","","","","","","","","",""
"Madrid, El Goloso","Madrid","16.5 (16:20)","-1.6 (06:40)","7.4","31 (23:10)","14 (23:00)","0","0","0","0","0"
"Madrid Aeropuerto","Madrid","17.7 (16:20)","-3.9 (08:30)","6.9","48 (23:00)","33 (23:00)","0","0","0","0","0"
"Sigüenza","Guadalajara","13.3 (16:30)","-10.1 (08:10)","1.6","32 (15:20)","15 (11:10)","0","0","0","0","0"
"Mandayona","Guadalajara","13.5 (14:40)","-0.6 (06:40)","6.4","","","0","0","0","0","0"
"Campisábalos","Guadalajara","","","","","","","","0","0","0"
"Guadalajara","Guadalajara","16.8 (16:20)","-1.5 (06:20)","7.6","24 (17:50)","15 (21:30)","0","0","0","0","0"
"Alcala de Henares","Madrid","17.5 (16:10)","-4.4 (08:10)","6.5","38 (18:50)","20 (18:50)","0","0","0","0","0"
"Arganda del Rey","Madrid","18.0 (16:40)","-4.1 (08:20)","7","46 (21:40)","27 (21:40)","0","0","0","0","0"
"Colmenar Viejo","Madrid","16.1 (14:50)","5.1 (23:50)","10.6","57 (23:20)","30 (23:20)","0","0","0","0","0"
"Pozuelo de Alarcón","Madrid","20.0 (16:30)","-3.4 (07:50)","8.3","","","0","0","0","0","0"
"Madrid, Retiro","Madrid","15.8 (17:50)","1.2 (08:50)","8.5","","","0","0","0","0","0"
"Brihuega","Guadalajara","15.2 (15:20)","-2.3 (05:50)","6.4","","","0","0","0","0","0"
"Tielmes","Madrid","16.2 (15:50)","-4.2 (08:10)","6","","","0","0","0","0","0"
"Tembleque","Toledo","16.7 (16:00)","-6.0 (09:00)","5.4","","","0","0","0","0","0"
"Mora","Toledo","16.4 (16:30)","1.1 (08:00)","8.7","26 (17:30)","17 (17:20)","0","0","0","0","0"
"Toledo","Toledo","18.4 (16:10)","-1.9 (08:30)","8.2","38 (16:50)","24 (16:50)","0","0","0","0","0"
"Puerto Alto del León","Madrid","8.0 (15:50)","-0.5 (22:20)","3.8","68 (23:30)","37 (23:00)","0","0","0","0","0"
"Alpedrete","Madrid","17.8 (12:40)","3.2 (02:40)","10.5","45 (19:50)","28 (20:50)","0","0","0","0","0"
"Torrelodones","Madrid","18.7 (15:30)","1.6 (04:20)","10.2","32 (20:00)","16 (21:00)","0","0","0","0","0"
"San Pablo de los Montes","Toledo","","","","22 (23:50)","10 (17:00)","0","0","0","0","0"
"Navahermosa","Toledo","18.7 (15:30)","2.2 (07:20)","10.5","","","0","0","0","0","0"
"Puerto del Pico","Ávila","12.7 (13:00)","-7.2 (07:40)","2.8","40 (23:30)","28 (16:40)","0","0","0","0","0"
"Rozas de Puerto Real","Madrid","15.2 (15:20)","5.4 (02:30)","10.3","","","0","0","0","0","0"
"Cebreros","Ávila","15.9 (13:40)","5.3 (23:00)","10.6","43 (06:40)","22 (06:30)","0","0","0","0","0"
"Robledo de Chavela","Madrid","16.8 (14:10)","2.1 (03:20)","9.4","57 (21:50)","32 (21:50)","0","0","0","0","0"
"Valdemorillo","Madrid","16.1 (15:00)","3.4 (05:30)","9.8","50 (20:30)","27 (19:50)","0","0","0","0","0"
"Villanueva de la Cañada","Madrid","18.8 (15:20)","0.4 (08:00)","9.6","54 (21:20)","34 (21:10)","0","0","0","0","0"
"Castillo de Bayuela","Toledo","18.7 (15:40)","2.3 (08:20)","10.5","","","0","0","0","0","0"
"Talavera de la Reina","Toledo","18.1 (16:30)","-2.4 (07:40)","7.9","18 (16:10)","11 (16:40)","0","0","0","0","0"
"Navalvillar de Ibor","Cáceres","16.8 (16:10)","4.9 (08:20)","10.8","19 (23:20)","9 (16:40)","0","0","0","0","0"
"Candeleda","Ávila","19.5 (16:50)","-1.1 (08:40)","9.2","15 (23:59)","10 (23:59)","0","0","0","0","0"
"Madrigal de la Vera","Cáceres","17.5 (16:40)","2.6 (08:50)","10","12 (15:20)","5 (15:10)","0","0","0","0","0"
"Oropesa","Toledo","16.7 (16:10)","-3.8 (07:50)","6.5","","","","","","",""
"Navalmoral de la Mata","Cáceres","17.4 (17:20)","-2.0 (05:50)","7.7","20 (07:20)","11 (22:10)","0","0","0","0","0"
"Garganta la Olla","Cáceres","17.1 (16:00)","7.5 (08:30)","12.3","31 (20:40)","18 (20:50)","0","0","0","0","0"
"Serradilla","Cáceres","18.0 (16:50)","0.5 (08:40)","9.3","37 (18:20)","22 (20:20)","0","0","0","0","0"
"Jaraicejo","Cáceres","16.7 (16:20)","5.6 (08:20)","11.2","18 (23:50)","15 (23:59)","0","0","0","0","0"
"Trujillo","Cáceres","15.6 (15:30)","5.5 (06:20)","10.6","14 (13:30)","9 (20:40)","0","0","0","0","0"
"Cáceres","Cáceres","17.4 (17:20)","2.3 (07:00)","9.8","22 (19:40)","14 (19:10)","0","0","0","0","0"
"Cañaveral","Cáceres","19.4 (16:50)","1.3 (08:00)","10.3","60 (23:40)","43 (23:40)","0","0","0","0","0"
"Nuñomoral","Cáceres","20.0 (15:00)","-3.8 (08:00)","8.1","26 (14:20)","15 (14:20)","0","0","0","0","0"
"Guijo de Granadilla","Cáceres","20.1 (14:20)","1.5 (04:10)","10.8","46 (23:50)","31 (23:50)","0","0","0","0","0"
"Hervás","Cáceres","17.6 (14:10)","4.3 (06:30)","11","32 (16:00)","18 (17:00)","0","0","0","0","0"
"Montehermoso","Cáceres","20.6 (16:20)","0.0 (08:00)","10.3","52 (23:50)","26 (22:50)","0","0","0","0","0"
"Tornavacas","Cáceres","15.8 (13:20)","5.1 (23:59)","10.5","51 (05:20)","33 (05:50)","0","0","0","0","0"
"Piornal","Cáceres","16.4 (14:10)","4.2 (05:40)","10.3","35 (23:40)","17 (23:40)","0","0","0","0","0"
"Plasencia","Cáceres","19.3 (17:00)","1.8 (09:00)","10.5","38 (20:30)","17 (21:00)","0","0","0","0","0"
"Coria","Cáceres","21.0 (16:50)","0.3 (08:10)","10.7","40 (23:50)","22 (23:50)","0","0","0","0","0"
"Torrecilla de los Angeles","Cáceres","21.0 (14:30)","0.9 (05:30)","10.9","26 (17:00)","14 (17:50)","0","0","0","0","0"
"Hoyos","Cáceres","","","","","","","","","",""
"Zarza La Mayor","Cáceres","20.9 (16:20)","1.3 (09:10)","11.1","30 (23:40)","20 (23:40)","0","0","0","0","0"
"Valverde del Fresno","Cáceres","19.5 (13:50)","4.0 (02:40)","11.8","54 (23:40)","31 (23:40)","0","0","0","0","0"
"Aliseda","Cáceres","18.5 (16:40)","-0.5 (08:30)","9","21 (15:00)","13 (19:40)","0","0","0","0","0"
"Brozas","Cáceres","17.7 (16:30)","3.7 (06:50)","10.7","28 (21:10)","23 (23:00)","0","0","0","0","0"
"Valencia de Alcántara","Cáceres","17.3 (16:30)","2.1 (08:40)","9.7","17 (16:20)","11 (21:30)","0","0","0","0","0"
"Ossa de Montiel","Albacete","15.7 (13:20)","-2.2 (07:40)","6.7","30 (16:00)","12 (16:20)","0","0","0","0","0"
"Alcázar del Rey","Cuenca","15.0 (16:10)","-3.4 (06:10)","5.8","33 (21:10)","21 (21:20)","0","0","0","0","0"
"Quintanar de la Orden","Toledo","15.9 (15:00)","-2.0 (07:20)","6.9","24 (17:00)","15 (17:00)","0","0","0","0","0"
"Alcazar de San Juan","Ciudad Real","15.8 (15:30)","0.4 (07:00)","8.1","22 (16:00)","11 (15:40)","0","0","0","0","0"
"Madridejos","Toledo","16.4 (16:20)","-2.8 (08:20)","6.8","38 (17:10)","21 (16:50)","0","0","0","0","0"
"Abia de Obispalia","Cuenca","14.2 (16:50)","-1.9 (06:20)","6.1","54 (23:00)","30 (23:00)","0","0","0","0","0"
"Villares del Saz","Cuenca","15.2 (14:40)","-3.2 (08:10)","6","","","0","0","0","0","0"
"Alberca de Zancara","Cuenca","16.1 (16:20)","-2.7 (06:00)","6.7","37 (15:40)","22 (14:40)","0","0","0","0","0"
"San Clemente","Cuenca","16.4 (14:40)","-3.3 (06:20)","6.5","50 (15:40)","35 (15:40)","0","0","0","0","0"
"Villarrobledo","Albacete","17.0 (17:00)","-0.3 (08:30)","8.3","34 (16:50)","22 (16:50)","0","0","0","0","0"
"Osa de la Vega","Cuenca","15.0 (15:20)","-3.2 (07:00)","5.9","32 (15:50)","20 (15:50)","0","0","0","0","0"
"Belmonte","Cuenca","16.8 (15:30)","-0.5 (06:50)","8.1","35 (16:10)","17 (17:30)","0","0","0","0","0"
"Munera","Albacete","14.0 (13:10)","-4.1 (08:20)","5","28 (17:30)","14 (15:20)","0","0","0","0","0"
"Tomelloso","Ciudad Real","17.6 (16:00)","-3.0 (08:30)","7.3","24 (22:20)","11 (22:10)","0","0","0","0","0"
"Ciudad Real","Ciudad Real","17.2 (15:20)","-0.8 (08:20)","8.2","17 (17:40)","11 (21:30)","0","0","0","0","0"
"Villanueva de los Infantes","Ciudad Real","14.7 (14:10)","4.5 (23:59)","9.6","19 (16:00)","13 (16:30)","0","0","0","0","0"
"Valdepeñas","Ciudad Real","16.4 (15:30)","-1.3 (08:00)","7.5","24 (23:40)","13 (23:59)","0","0","0","0","0"
"Viso del Marqués","Ciudad Real","16.2 (16:00)","0.6 (08:40)","8.4","23 (16:50)","16 (16:50)","0","0","0","0","0"
"Abenójar","Ciudad Real","17.7 (15:30)","0.6 (07:40)","9.2","22 (23:20)","14 (17:30)","0","0","0","0","0"
"Puebla de Don Rodrigo","Ciudad Real","20.7 (15:20)","-2.8 (08:30)","9","5 (14:50)","1 (19:50)","0","0","0","0","0"
"Puerto Rey","Cáceres","17.1 (15:20)","1.7 (09:10)","9.4","","","0","0","0","0","0"
"Herrera del Duque","Badajoz","18.0 (16:10)","0.0 (08:20)","9","15 (17:50)","9 (17:50)","0","0","0","0","0"
"Guadalupe","Cáceres","17.8 (15:50)","5.7 (06:00)","11.7","21 (23:20)","15 (23:30)","0","0","0","0","0"
"Peraleda del Zaucejo","Badajoz","18.2 (15:20)","-0.6 (08:50)","8.8","22 (15:30)","14 (17:40)","0","0","0","0","0"
"Valsequillo","Córdoba","18.3 (15:40)","-0.5 (08:00)","8.9","24 (16:20)","15 (16:40)","0","0","0","0","0"
"Hinojosa del Duque","Córdoba","17.5 (15:20)","2.4 (07:10)","10","17 (16:40)","12 (17:00)","0","0","0","0","0"
"Almadén","Ciudad Real","19.0 (15:20)","3.4 (08:20)","11.2","16 (17:40)","10 (13:20)","0","0","0","0","0"
"Castuera","Badajoz","16.6 (14:50)","4.6 (09:20)","10.6","17 (14:40)","12 (14:40)","0","0","0","0","0"
"Cañamero","Cáceres","15.2 (14:30)","3.5 (07:00)","9.3","16 (23:59)","9 (15:20)","0","0","0","0","0"
"Navalvillar de Pela","Badajoz","16.2 (16:10)","-0.2 (07:50)","8","15 (16:30)","11 (23:10)","0","0","0","0","0"
"Zorita","Cáceres","16.3 (16:40)","3.6 (07:10)","9.9","21 (17:00)","18 (19:10)","0","0","0","0","0"
"Don Benito","Badajoz","","","","","","","0","0","",""
"Llerena","Badajoz","17.7 (16:10)","7.7 (08:30)","12.7","27 (17:30)","17 (17:30)","0","0","0","0","0"
"Villafranca de los Barros","Badajoz","18.6 (14:30)","0.3 (08:50)","9.5","26 (16:20)","17 (16:10)","0","0","0","0","0"
"Mérida","Badajoz","19.0 (15:20)","-0.7 (07:30)","9.2","14 (15:40)","6 (16:20)","0","0","0","0","0"
"Alcuescar","Cáceres","16.5 (16:30)","3.2 (07:50)","9.9","24 (16:50)","15 (16:50)","0","0","0","0","0"
"Zafra","Badajoz","18.4 (15:40)","1.5 (06:30)","9.9","22 (16:30)","16 (16:30)","0","0","0","0","0"
"Almendralejo","Badajoz","18.6 (15:10)","4.2 (08:50)","11.4","23 (17:20)","14 (16:50)","0","0","0","0","0"
"Badajoz Aeropuerto","Badajoz","19.8 (17:10)","-0.3 (08:40)","9.7","14 (21:30)","8 (21:30)","0","0","0","0","0"
"Alburquerque","Badajoz","20.7 (16:00)","0.6 (07:10)","10.7","16 (15:20)","9 (17:30)","0","0","0","0","0"
"Puebla de Obando","Badajoz","17.9 (15:00)","4.5 (09:20)","11.2","23 (23:30)","16 (23:30)","0","0","0","0","0"
"Badajoz","Badajoz","21.1 (17:00)","-0.9 (08:20)","10.1","19 (18:00)","13 (18:00)","0","0","0","0","0"
"Olivenza","Badajoz","20.4 (16:20)","4.0 (09:00)","12.2","19 (10:20)","17 (09:40)","0","0","0","0","0"
"Alconchel","Badajoz","20.3 (17:00)","2.3 (08:40)","11.3","16 (18:40)","11 (19:00)","0","0","0","0","0"
"Barcarrota","Badajoz","18.8 (14:30)","2.1 (08:50)","10.4","18 (14:50)","10 (05:50)","0","0","0","0","0"
"Villanueva del Fresno","Badajoz","19.8 (16:50)","5.1 (07:00)","12.4","17 (15:00)","12 (15:00)","0","0","0","0","0"
"Monesterio","Badajoz","16.5 (15:00)","6.4 (03:00)","11.5","21 (20:10)","13 (20:40)","0","0","0","0","0"
"Fuente de Cantos","Badajoz","17.2 (15:40)","7.4 (05:50)","12.3","27 (15:40)","21 (17:40)","0","0","0","0","0"
"Jerez de los Caballeros","Badajoz","20.4 (16:00)","1.5 (08:40)","10.9","27 (16:40)","19 (16:40)","0","0","0","0","0"
"Fregenal de la Sierra","Badajoz","18.0 (15:30)","1.6 (07:50)","9.8","22 (17:30)","11 (17:40)","0","0","0","0","0"
"Aroche","Huelva","21.0 (13:50)","-0.5 (08:50)","10.3","22 (12:40)","14 (12:40)","0","0","0","0","0"
"El Granado","Huelva","21.4 (15:50)","3.5 (08:40)","12.4","","","0","0","0","0","0"
"Ayamonte","Huelva","23.2 (16:10)","10.0 (07:50)","16.6","22 (22:10)","10 (12:30)","0","0","0","0","0"
"Cartaya","Huelva","18.5 (15:50)","3.4 (09:00)","11","17 (23:59)","9 (16:20)","0","0","0","0","0"
"Alajar","Huelva","20.2 (14:00)","9.3 (03:40)","14.8","51 (21:40)","35 (21:40)","0","0","0","0","0"
"Valverde del Camino","Huelva","22.6 (15:20)","6.5 (06:50)","14.6","","","0","0","0","0","0"
"El Cerro de Andévalo","Huelva","22.5 (15:30)","10.5 (08:30)","16.5","","","0","0","0","0","0"
"Alosno, Tharsis","Huelva","20.7 (16:00)","6.6 (09:20)","13.7","28 (17:00)","17 (16:40)","0","0","0","0","0"
"El Campillo","Huelva","20.8 (15:30)","9.6 (23:10)","15.2","24 (19:20)","18 (17:30)","0","0","0","0","0"
"Villarrasa","Huelva","22.4 (16:30)","5.4 (09:00)","13.9","21 (18:10)","12 (17:40)","0","0","0","0","0"
"Huelva, Ronda Este","Huelva","23.2 (16:30)","5.9 (08:20)","14.6","27 (21:00)","13 (17:20)","0","0","0","0","0"
"Ceuta","Ceuta","20.8 (16:40)","11.7 (08:30)","16.2","29 (19:40)","15 (23:00)","0","0","0","0","0"
"Cazorla","Jaén","18.2 (15:30)","7.6 (08:00)","12.9","","","0","0","0","0","0"
"Baza","Granada","17.5 (16:30)","-3.8 (07:50)","6.9","40 (15:10)","27 (15:00)","0","0","0","0","0"
"Vélez Blanco - Topares","Almería","15.6 (15:10)","3.5 (05:00)","9.6","","","0","0","0","0","0"
"Dólar","Granada","15.5 (14:50)","4.9 (07:00)","10.2","35 (17:10)","23 (17:10)","0","0","0","0","0"
"Baeza","Jaén","19.1 (14:10)","2.3 (07:50)","10.7","15 (15:50)","8 (15:50)","0","0","0","0","0"
"Torres","Jaén","16.8 (16:00)","6.7 (05:30)","11.7","","","0","0","0","0","0"
"Arroyo del Ojanco","Jaén","18.8 (16:00)","1.4 (08:20)","10.1","","","0","0","0","0","0"
"Villanueva del Arzobispo","Jaén","18.9 (17:00)","1.8 (07:30)","10.3","14 (15:10)","9 (15:20)","0","0","0","0","0"
"Santa Elena","Jaén","15.5 (16:00)","6.9 (08:20)","11.2","28 (23:40)","16 (22:50)","0","0","0","0","0"
"Jaén","Jaén","18.3 (15:10)","6.9 (08:20)","12.6","19 (21:10)","14 (20:40)","0","0","0","0","0"
"Linares","Jaén","18.8 (16:20)","5.9 (08:20)","12.3","14 (05:30)","9 (04:00)","0","0","0","0","0"
"Bailén","Jaén","19.4 (16:40)","3.4 (08:40)","11.4","10 (18:50)","5 (18:50)","0","0","0","0","0"
"Andújar","Jaén","19.6 (16:40)","-0.1 (08:10)","9.8","13 (16:30)","9 (17:20)","0","0","0","0","0"
"Puertollano","Ciudad Real","17.6 (16:00)","-0.2 (07:50)","8.7","23 (15:10)","13 (15:10)","0","0","0","0","0"
"Fuencaliente","Ciudad Real","20.0 (15:30)","3.4 (08:30)","11.7","21 (12:30)","10 (12:20)","0","0","0","0","0"
"Cardeña","Córdoba","18.8 (14:30)","7.2 (08:50)","13","","","0","0","0","0","0"
"Montoro","Córdoba","20.6 (16:00)","-0.8 (08:30)","9.9","12 (12:40)","6 (19:00)","0","0","0","0","0"
"Villanueva de Córdoba","Córdoba","17.4 (15:10)","6.2 (07:40)","11.8","33 (23:50)","13 (22:10)","0","0","0","0","0"
"Córdoba, Embalse de Guadanuño","Córdoba","20.2 (16:20)","5.2 (06:40)","12.7","24 (23:40)","12 (23:59)","0","0","0","0","0"
"Córdoba Aeropuerto","Córdoba","19.4 (15:40)","1.2 (07:30)","10.3","17 (11:30)","12 (11:40)","0","0","0","0","0"
"Alcalá La Real","Jaén","16.8 (15:20)","4.1 (08:20)","10.4","22 (14:30)","13 (14:40)","0","0","0","0","0"
"Priego de Córdoba","Córdoba","18.7 (15:20)","1.6 (07:30)","10.2","26 (14:30)","15 (14:40)","0","0","0","0","0"
"Doña Mencía","Córdoba","20.3 (15:20)","9.9 (04:20)","15.1","15 (14:50)","13 (05:40)","0","0","0","0","0"
"Córdoba, Prágdena","Córdoba","20.7 (16:20)","3.0 (08:10)","11.9","17 (07:10)","11 (06:50)","0","0","0","0","0"
"Espiel","Córdoba","20.1 (15:50)","-0.7 (08:20)","9.7","19 (17:40)","11 (17:10)","0","0","0","0","0"
"Fuente Palmera","Córdoba","20.7 (16:40)","4.7 (08:20)","12.7","17 (11:20)","11 (07:20)","0","0","0","0","0"
"Azuaga","Badajoz","18.1 (15:50)","5.0 (08:50)","11.6","27 (17:10)","18 (17:00)","0","0","0","0","0"
"Granada Base Aérea","Granada","","","","16 (19:20)","11 (05:20)","0","0","0","0","0"
"Víznar","Granada","13.4 (10:50)","7.1 (23:40)","10.2","","14 (17:20)","0","0","0","0","0"
"Granada-Cartuja","Granada","19.4 (16:30)","3.6 (08:50)","11.5","10 (17:10)","5 (14:50)","0","0","0","0","0"
"Sierra Nevada 'Radiotelescopio'","Granada","-0.1 (00:40)","-3.9 (20:10)","-2","62 (23:50)","56 (23:40)","","","","",""
"Granada Aeropuerto","Granada","19.5 (16:50)","-2.1 (08:30)","8.7","18 (17:20)","14 (17:30)","0","0","0","0","0"
"Loja","Granada","19.1 (15:40)","1.6 (08:00)","10.4","22 (04:20)","14 (05:00)","","","","",""
"Benamejí","Córdoba","19.7 (16:20)","4.7 (08:40)","12.2","17 (15:20)","12 (15:40)","0","0","0","0","0"
"La Roda de Andalucía","Sevilla","19.8 (16:00)","3.3 (08:50)","11.5","22 (14:50)","14 (07:20)","0","0","0","0","0"
"Lora de Estepa","Sevilla","18.8 (16:00)","5.5 (07:40)","12.1","","","0","0","0","0","0"
"Aguilar de la Frontera","Córdoba","19.7 (16:00)","4.2 (07:20)","12","18 (14:30)","14 (05:50)","0","0","0","0","0"
"La Rambla","Córdoba","21.4 (17:00)","3.2 (08:30)","12.3","17 (12:40)","12 (12:40)","0","0","0","0","0"
"Écija","Sevilla","21.4 (16:40)","2.7 (09:00)","12","15 (20:20)","11 (19:50)","0","0","0","0","0"
"La Puebla de los Infantes","Sevilla","20.8 (16:20)","-0.6 (08:40)","10.1","20 (22:30)","10 (13:30)","0","0","0","0","0"
"Fuentes de Andalucía","Sevilla","21.1 (17:00)","5.2 (08:00)","13.2","19 (11:30)","10 (03:00)","0","0","0","0","0"
"Carmona","Sevilla","21.5 (17:10)","4.6 (08:20)","13","19 (10:30)","14 (10:50)","0","0","0","0","0"
"Cazalla de la Sierra","Sevilla","20.3 (15:10)","2.1 (06:30)","11.2","20 (11:40)","11 (17:00)","0","0","0","0","0"
"Guadalcanal","Sevilla","18.2 (15:00)","7.5 (04:10)","12.9","30 (23:10)","18 (05:30)","0","0","0","0","0"
"Almadén de la Plata","Sevilla","21.1 (15:30)","7.6 (07:00)","14.4","17 (21:50)","9 (20:10)","0","0","0","0","0"
"Cala","Huelva","20.7 (14:40)","4.7 (07:00)","12.7","26 (10:50)","13 (20:40)","0","0","0","0","0"
"Sevilla Aeropuerto","Sevilla","21.8 (17:10)","5.2 (06:30)","13.5","24 (10:00)","16 (09:50)","0","0","0","0","0"
"Tomares, Zaudín","Sevilla","22.1 (17:00)","8.0 (08:40)","15.1","19 (11:20)","12 (22:10)","0","0","0","0","0"
"Sevilla, Tablada","Sevilla","22.2 (15:50)","6.6 (08:40)","14.4","12 (10:00)","8 (06:20)","0","0","0","0","0"
"Morón de la Frontera","Sevilla","21.5 (16:10)","4.2 (07:40)","12.8","17 (12:30)","12 (12:20)","0","0","0","0","0"
"Carrión de los Céspedes","Sevilla","22.6 (15:50)","4.3 (07:00)","13.5","15 (13:20)","9 (13:10)","0","0","0","0","0"
"Almonte","Huelva","22.9 (16:40)","4.1 (03:30)","13.5","26 (12:00)","17 (11:50)","0","0","0","0","0"
"Moguer, El Arenosillo","Huelva","16.8 (12:10)","6.1 (04:40)","11.4","18 (19:20)","12 (06:30)","0","0","0","0","0"
"Las Cabezas de San Juan","Sevilla","22.1 (16:20)","6.2 (03:30)","14.2","21 (13:10)","12 (13:10)","0","0","0","0","0"
"Chipiona","Cádiz","21.4 (16:20)","4.8 (08:10)","13.1","21 (14:10)","10 (13:00)","0","0","0","0","0"
"Rota, Base Naval","Cádiz","21.3 (16:10)","5.5 (08:30)","13.4","","","0","0","0","0","0"
"Grazalema","Cádiz","18.3 (16:00)","5.6 (07:40)","11.9","25 (22:00)","11 (12:20)","0","0","0","0","0"
"Olvera","Cádiz","20.7 (16:50)","8.0 (07:10)","14.4","20 (15:30)","11 (15:30)","0","0","0","0","0"
"El Bosque","Cádiz","22.0 (14:20)","5.4 (08:20)","13.7","26 (15:40)","15 (15:40)","0","0","0","0","0"
"San José del Valle","Cádiz","22.7 (15:40)","6.8 (08:40)","14.8","21 (14:40)","9 (14:30)","0","0","0","0","0"
"Jerez de la Frontera Aeropuerto","Cádiz","22.8 (15:40)","2.9 (07:10)","12.8","30 (14:20)","21 (14:30)","","0","0","0",""
"San Fernando","Cádiz","21.6 (16:40)","9.3 (07:50)","15.5","21 (01:20)","12 (02:20)","0","0","0","0","0"
"Cádiz","Cádiz","19.9 (17:10)","9.4 (09:10)","14.6","23 (23:00)","18 (19:30)","0","0","0","0","0"
"Medina Sidonia","Cádiz","22.8 (16:20)","4.9 (08:30)","13.8","26 (12:50)","13 (14:00)","0","0","0","0","0"
"Vejer de la Frontera","Cádiz","22.3 (15:40)","10.9 (02:40)","16.6","24 (13:30)","10 (13:10)","0","0","0","0","0"
"Barbate","Cádiz","20.9 (16:30)","7.2 (09:00)","14","19 (14:40)","16 (14:40)","0","0","0","0","0"
"Osuna","Sevilla","20.2 (16:10)","7.3 (07:30)","13.8","24 (00:20)","17 (00:10)","0","0","0","0","0"
"Melilla","Melilla","18.8 (21:50)","9.9 (01:20)","14.3","33 (18:10)","20 (21:30)","0","0","0","0","0"
"Tarifa","Cádiz","16.2 (13:00)","9.3 (08:30)","12.8","","","0","0","0","0","0"
"Ronda Instituto","Málaga","18.8 (16:30)","7.1 (07:50)","12.9","19 (22:20)","8 (13:50)","0","0","0","0","0"
"Cortes de la Frontera","Málaga","22.2 (14:40)","4.7 (03:50)","13.5","","6 (14:30)","0","0","0","0","0"
"Jimena de la Frontera","Cádiz","25.5 (15:50)","1.5 (08:00)","13.5","26 (16:00)","14 (16:10)","0","0","0","0","0"
"Alpandeire","Málaga","20.9 (14:00)","7.8 (03:10)","14.3","30 (12:40)","16 (16:30)","0","0","0","0","0"
"Gaucín","Málaga","20.8 (15:40)","6.2 (04:30)","13.5","30 (13:00)","15 (05:10)","0","0","0","0","0"
"San Roque","Cádiz","23.9 (16:40)","5.9 (08:30)","14.9","27 (15:30)","23 (15:30)","0","0","0","0","0"
"Manilva","Málaga","23.7 (17:10)","9.5 (04:40)","16.6","47 (23:30)","30 (23:20)","0","0","0","0","0"
"Estepona","Málaga","20.3 (15:00)","9.3 (08:20)","14.8","","","0","0","0","0","0"
"Benahavís","Málaga","23.3 (16:20)","7.7 (02:30)","15.5","36 (22:30)","14 (22:10)","0","0","0","0","0"
"Marbella, Puerto","Málaga","18.9 (23:20)","9.9 (07:30)","14.4","20 (23:10)","14 (05:00)","0","0","0","0","0"
"Marbella","Málaga","19.8 (23:00)","10.4 (07:00)","15.1","28 (22:20)","21 (16:30)","0","0","0","0","0"
"Fuengirola","Málaga","","","","30 (21:30)","16 (15:20)","0","0","0","0","0"
"Torremolinos","Málaga","24.4 (16:00)","9.7 (08:40)","17","40 (14:10)","18 (13:20)","0","0","0","0","0"
"Antequera","Málaga","19.0 (15:30)","1.2 (08:30)","10.1","19 (15:20)","9 (15:20)","0","0","0","0","0"
"Álora","Málaga","24.3 (15:30)","6.9 (04:20)","15.6","30 (13:00)","18 (13:30)","0","0","0","0","0"
"Coín","Málaga","24.3 (16:40)","8.0 (05:20)","16.1","","","0","0","0","0","0"
"Málaga Aeropuerto","Málaga","24.5 (16:20)","5.3 (05:10)","14.9","46 (13:30)","32 (13:40)","0","0","0","0","0"
"Málaga, Centro Meteorológico","Málaga","25.4 (15:30)","6.0 (05:40)","15.7","38 (13:40)","22 (13:40)","0","0","0","0","0"
"Málaga, Puerto","Málaga","25.6 (16:10)","9.8 (05:40)","17.7","30 (14:30)","15 (15:30)","0","0","0","0","0"
"Rincón de la Victoria","Málaga","22.1 (16:20)","9.5 (07:20)","15.8","","","0","0","0","0","0"
"Vélez-Málaga","Málaga","19.2 (16:10)","6.7 (08:10)","13","","","0","0","0","0","0"
"Algarrobo","Málaga","19.6 (17:10)","8.8 (01:30)","14.2","25 (20:40)","16 (20:40)","0","0","0","0","0"
"Nerja","Málaga","20.8 (19:00)","11.0 (07:20)","15.9","37 (21:50)","14 (21:50)","0","0","0","0","0"
"Lanjarón","Granada","20.1 (15:30)","5.7 (08:30)","12.9","","","0","0","0","0","0"
"Salobreña","Granada","20.2 (22:20)","4.6 (06:40)","12.4","36 (20:50)","17 (22:10)","0","0","0","0","0"
"Motril, Puerto","Granada","21.9 (20:30)","7.7 (06:40)","14.8","34 (21:40)","20 (21:40)","0","0","0","0","0"
"Castell de Ferro","Granada","18.9 (14:00)","9.9 (02:00)","14.4","17 (14:40)","10 (15:40)","0","0","0","0","0"
"Adra","Almería","17.6 (10:10)","11.3 (08:40)","14.5","32 (13:10)","20 (13:20)","0","0","0","0","0"
"Válor","Granada","18.4 (13:20)","8.3 (04:30)","13.3","","","0","0","0","0","0"
"El Ejido","Almería","19.3 (12:30)","9.1 (07:50)","14.2","","","0","0","0","0","0"
"Roquetas de Mar","Almería","17.5 (12:30)","5.3 (07:50)","11.4","33 (13:50)","24 (14:20)","0","0","0","0","0"
"Abla","Almería","19.9 (14:30)","8.2 (08:10)","14","31 (20:20)","12 (18:30)","0","0","0","0","0"
"Láujar de Andarax","Almería","21.4 (14:00)","10.4 (03:40)","15.9","75 (22:00)","57 (20:40)","0","0","0","0","0"
"Almería Aeropuerto","Almería","17.8 (14:10)","7.0 (05:50)","12.4","32 (22:20)","17 (15:30)","0","0","0","0","0"
"Cabo de Gata","Almería","17.6 (13:00)","12.2 (00:50)","14.9","41 (10:30)","24 (14:10)","0","0","0","0","0"
"Carboneras","Almería","19.8 (14:20)","10.6 (05:30)","15.2","45 (18:30)","32 (19:20)","0","0","0","0","0"
"Garrucha, Puerto","Almería","24.1 (17:00)","8.3 (05:20)","16.2","27 (17:20)","21 (15:40)","0","0","0","0","0"
"Albox","Almería","22.9 (15:10)","7.0 (02:30)","14.9","61 (22:30)","44 (22:30)","0","0","0","0","0"
"Huércal-Overa","Almería","23.5 (16:30)","3.2 (06:50)","13.4","42 (15:30)","27 (15:20)","0","0","0","0","0"
"Fuente de Piedra","Málaga","19.5 (14:50)","0.6 (08:50)","10.1","23 (15:10)","15 (15:10)","0","0","0","0","0"
"Águilas","Murcia","20.3 (17:20)","6.7 (05:20)","13.5","22 (18:20)","12 (18:20)","0","0","0","0","0"
"Mazarrón","Murcia","20.5 (13:20)","7.6 (07:10)","14","65 (23:30)","32 (23:40)","0","0","0","0","0"
"Cartagena","Murcia","22.4 (15:40)","3.5 (05:20)","12.9","32 (16:10)","16 (14:20)","0","0","0","0","0"
"San Javier (La Manga)","Murcia","21.8 (15:40)","8.5 (06:10)","15.1","29 (15:50)","17 (12:20)","0","0","0","0","0"
"Fuente Álamo de Murcia","Murcia","23.8 (15:10)","5.5 (09:00)","14.6","","","0","0","0","0","0"
"Torre-Pacheco","Murcia","24.0 (15:20)","4.8 (05:00)","14.4","34 (14:40)","21 (14:40)","0","0","0","0","0"
"San Javier Aeropuerto","Murcia","","","","","","","","","0","0"
"Yeste, Embalse Fuensanta","Albacete","18.7 (15:00)","-0.5 (08:10)","9.1","","","0","0","0","0","0"
"Nerpio","Albacete","12.3 (13:50)","-2.5 (01:40)","4.9","","","0","0","0","0","0"
"Yeste","Albacete","17.9 (15:10)","4.8 (03:50)","11.3","","","0","0","0","0","0"
"Moratalla","Murcia","16.6 (14:50)","6.2 (00:10)","11.4","","","0","0","0","0","0"
"Hellín","Albacete","18.4 (14:40)","4.9 (04:10)","11.6","46 (16:00)","28 (15:50)","0","0","0","0","0"
"Tobarra","Albacete","19.3 (14:40)","2.9 (01:00)","11.1","","","0","0","0","0","0"
"Caravaca de La Cruz","Murcia","21.3 (15:00)","2.3 (04:50)","11.8","43 (19:20)","21 (06:40)","0","0","0","0","0"
"Calasparra","Murcia","21.8 (15:00)","1.9 (06:40)","11.8","39 (17:20)","22 (17:10)","0","0","0","0","0"
"Bullas","Murcia","19.9 (15:10)","6.1 (03:30)","13","","","0","0","0","0","0"
"Jumilla","Murcia","20.7 (14:50)","-1.9 (06:00)","9.4","45 (22:20)","27 (15:50)","0","0","0","0","0"
"Cieza","Murcia","23.9 (15:20)","2.6 (04:50)","13.2","42 (18:00)","18 (16:40)","0","0","0","0","0"
"Archena","Murcia","23.7 (16:10)","6.6 (00:10)","15.2","","","0","0","0","0","0"
"Mula","Murcia","22.4 (15:40)","6.0 (00:00)","14.2","48 (14:30)","28 (22:00)","0","0","0","0","0"
"Murcia","Murcia","24.6 (15:30)","3.8 (04:00)","14.2","42 (20:20)","23 (20:20)","0","0","0","0","0"
"Caravaca de La Cruz, Los Royos","Murcia","17.4 (15:20)","3.3 (04:40)","10.3","","","0","0","0","0","0"
"Lorca, Zarcilla de Ramos","Murcia","21.3 (15:00)","3.4 (02:00)","12.3","41 (14:30)","25 (15:40)","0","0","0","0","0"
"Lorca","Murcia","24.4 (15:00)","2.9 (04:40)","13.6","25 (19:20)","14 (19:20)","0","0","0","0","0"
"Puerto Lumbreras","Murcia","22.9 (14:50)","7.8 (01:20)","15.3","","","0","0","0","0","0"
"Totana","Murcia","24.4 (15:20)","6.5 (03:10)","15.4","33 (20:20)","15 (19:50)","0","0","0","0","0"
"Alhama de Murcia","Murcia","23.8 (15:30)","1.5 (02:10)","12.6","32 (22:40)","17 (23:50)","0","0","0","0","0"
"Molina de Segura","Murcia","23.1 (15:20)","5.0 (00:10)","14.1","56 (20:20)","33 (19:40)","0","0","0","0","0"
"Orihuela","Alacant/Alicante","24.1 (16:30)","3.7 (02:20)","13.9","52 (18:10)","29 (18:10)","0","0","0","0","0"
"Pinoso","Alacant/Alicante","19.9 (14:40)","-1.0 (05:30)","9.4","41 (13:00)","19 (13:00)","0","0","0","0","0"
"Abanilla","Murcia","24.0 (15:50)","2.8 (02:00)","13.4","","","0","0","0","0","0"
"Rojales","Alacant/Alicante","24.2 (15:50)","3.3 (04:30)","13.8","47 (16:40)","28 (17:10)","0","0","0","0","0"
"Yecla","Murcia","19.0 (15:10)","-0.2 (01:40)","9.4","62 (20:10)","33 (19:40)","0","0","0","0","0"
"Fontanars dels Alforins","València/Valencia","19.7 (13:50)","-2.3 (05:20)","8.7","","","0","0","0","0","0"
"Villena","Alacant/Alicante","20.7 (15:50)","-3.9 (03:10)","8.4","46 (14:40)","30 (14:40)","0","0","0","0","0"
"Novelda","Alacant/Alicante","23.3 (14:40)","6.9 (03:30)","15.1","","","0","0","0","0","0"
"Elche/Elx","Alacant/Alicante","25.4 (15:00)","3.6 (00:00)","14.5","","","0","0","0","0","0"
"Alicante-Elche Aeropuerto","Alacant/Alicante","24.1 (15:10)","4.5 (01:50)","14.3","54 (14:00)","37 (14:00)","","0","","0","0"
"Alicante/Alacant","Alacant/Alicante","24.6 (14:00)","5.9 (00:40)","15.3","34 (15:10)","17 (15:00)","0","0","0","0","0"
"Benidorm","Alacant/Alicante","22.8 (15:00)","4.5 (03:20)","13.6","33 (16:20)","22 (16:00)","0","0","0","0","0"
"Jávea/ Xàbia","Alacant/Alicante","23.7 (12:50)","4.4 (23:59)","14.1","27 (12:10)","16 (06:00)","","","","0","0"
"Pego","Alacant/Alicante","24.3 (15:00)","10.3 (20:20)","17.3","35 (09:40)","19 (06:10)","0","0","0","0","0"
"Miramar","València/Valencia","23.5 (14:50)","9.3 (22:00)","16.4","33 (12:00)","17 (04:40)","0","0","0","0","0"
"Alcoy/Alcoi","Alacant/Alicante","21.5 (15:10)","7.3 (08:20)","14.4","42 (13:10)","21 (02:00)","0","0","0","0","0"
"Barx","València/Valencia","19.8 (15:30)","5.0 (21:00)","12.4","25 (16:10)","14 (14:00)","0","0","0","0","0"
"Cuenca","Cuenca","16.5 (15:20)","-3.0 (07:10)","6.8","35 (16:20)","12 (14:30)","0","0","0","0","0"
"Motilla del Palancar","Cuenca","16.7 (14:10)","-3.9 (07:40)","6.4","42 (15:00)","25 (14:50)","0","0","0","0","0"
"Albacete Base Aérea","Albacete","16.4 (14:30)","-2.8 (06:40)","6.8","49 (16:10)","35 (16:20)","0","0","0","0","0"
"Chinchilla","Albacete","13.6 (15:10)","2.8 (07:20)","8.2","50 (13:40)","30 (17:00)","0","0","0","0","0"
"Albacete","Albacete","17.0 (15:20)","-0.4 (07:00)","8.3","37 (14:00)","14 (14:00)","0","0","0","0","0"
"Alcalá del Júcar","Albacete","19.3 (16:10)","-1.5 (05:20)","8.9","38 (16:40)","24 (16:30)","0","0","0","0","0"
"Jalance","València/Valencia","21.0 (16:50)","-5.6 (08:10)","7.7","35 (15:20)","17 (15:30)","0","0","0","0","0"
"Almansa","Albacete","18.2 (14:20)","-0.9 (01:00)","8.7","43 (10:10)","20 (13:50)","0","0","0","0","0"
"Zarra","València/Valencia","","","","","","","","","",""
"Salvacañete","Cuenca","","","","","","","","","",""
"Mira","Cuenca","17.0 (16:20)","-9.5 (08:20)","3.8","","","0","0","0","0","0"
"Bicorp","València/Valencia","22.2 (16:20)","4.3 (00:30)","13.3","42 (22:30)","17 (22:30)","0","0","0","0","0"
"Ontinyent","València/Valencia","23.6 (14:00)","4.1 (23:59)","13.9","25 (11:50)","9 (11:20)","0","0","0","0","0"
"Xàtiva","València/Valencia","24.1 (16:50)","1.5 (07:50)","12.8","31 (16:00)","18 (14:40)","0","0","0","0","0"
"Carcaixent","València/Valencia","24.2 (16:50)","3.8 (23:59)","14","27 (13:50)","15 (14:00)","0","0","0","0","0"
"Utiel","València/Valencia","18.7 (16:00)","-4.2 (08:40)","7.3","50 (21:10)","35 (21:40)","0","0","0","0","0"
"Polinyà de Xúquer","València/Valencia","22.0 (15:10)","5.6 (23:59)","13.8","31 (09:50)","16 (04:10)","0","0","0","0","0"
"Turís","València/Valencia","23.0 (15:20)","3.6 (21:10)","13.3","","","0","0","0","0","0"
"Albarracín","Teruel","12.0 (15:50)","-5.0 (08:00)","3.5","51 (15:30)","25 (15:10)","0","0","0","0","0"
"Teruel","Teruel","13.5 (15:20)","-7.8 (08:50)","2.8","43 (13:30)","19 (16:20)","0","0","0","0","0"
"Jabaloyas","Teruel","9.6 (12:00)","0.5 (21:20)","5.1","64 (23:40)","46 (23:40)","0","0","0","0","0"
"Ademuz","València/Valencia","15.9 (15:30)","-8.1 (07:20)","3.9","","","0","0","0","0","0"
"Chelva","València/Valencia","18.8 (12:40)","4.1 (05:40)","11.4","64 (14:50)","32 (23:50)","0","0","0","0","0"
"Lliria","València/Valencia","23.9 (14:00)","3.9 (00:40)","13.9","60 (21:30)","37 (21:40)","0","0","0","0","0"
"Valencia Aeropuerto","València/Valencia","23.2 (14:10)","3.0 (01:00)","13.1","59 (23:50)","40 (22:10)","0","0","0","0","0"
"València, Viveros","València/Valencia","22.6 (14:10)","6.1 (07:00)","14.4","41 (21:10)","19 (21:20)","0","0","0","0","0"
"Segorbe","Castelló/Castellón","18.3 (12:30)","3.8 (02:10)","11","51 (23:59)","31 (20:20)","0","0","0","0","0"
"Sagunto","València/Valencia","21.8 (11:30)","1.6 (04:00)","11.7","","","0","0","0","0","0"
"Cedrillas","Teruel","9.0 (16:00)","-2.5 (00:30)","3.3","89 (23:00)","50 (22:50)","0","0","0","0","0"
"Mosqueruela","Teruel","10.3 (11:40)","0.2 (23:50)","5.3","106 (21:10)","80 (20:20)","0","0","0","0","0"
"Villafranca del Cid/Vilafranca","Castelló/Castellón","12.4 (14:40)","3.4 (23:59)","7.9","108 (21:20)","72 (21:20)","0","0","0","0","0"
"Atzeneta del Maestrat","Castelló/Castellón","21.4 (13:10)","0.1 (07:40)","10.7","60 (23:50)","29 (23:40)","0","0","0","0","0"
"Castellón - Almassora","Castelló/Castellón","19.0 (14:10)","6.4 (03:50)","12.7","21 (21:00)","13 (01:40)","0","0","0","0","0"
"Torreblanca","Castelló/Castellón","20.5 (12:30)","7.8 (06:00)","14.2","85 (22:40)","46 (22:00)","0","0","0","0","0"
"La Pobla de Benifassà-Fredes","Castelló/Castellón","7.0 (14:30)","1.8 (23:59)","4.4","128 (20:40)","85 (20:20)","0.2","0","0","0.2","0"
"Reinosa","Cantabria","7.7 (13:30)","-4.0 (00:10)","1.8","45 (22:30)","28 (18:20)","0","0","0","0","0"
"Alto Campoo","Cantabria","4.7 (00:10)","-1.7 (17:20)","1.5","64 (21:00)","31 (01:00)","2.4","0","0","0","2.4"
"Santa Gadea de Alfoz","Burgos","4.8 (13:40)","-0.5 (03:10)","2.2","","","2.6","0","0","0","2.6"
"Valderredible, Cubillo de Ebro","Cantabria","9.2 (14:20)","-6.3 (05:20)","1.4","41 (18:30)","22 (18:30)","0.6","0","0","0","0.6"
"Valderredible, Polientes","Cantabria","8.5 (15:10)","-5.7 (04:20)","1.4","38 (16:00)","18 (16:30)","1","0","0","0","1"
"Sargentes de la Lora","Burgos","6.3 (14:50)","-0.9 (05:10)","2.7","53 (22:20)","33 (15:10)","1.6","0","0","0","1.6"
"Briviesca","Burgos","9.2 (15:40)","-3.9 (08:00)","2.6","39 (22:50)","23 (22:50)","0","0","0","0","0"
"Medina de Pomar","Burgos","10.6 (14:00)","-3.8 (06:40)","3.4","33 (22:30)","17 (22:20)","0.2","0","0","0","0.2"
"Lalastra","Araba/Álava","7.5 (15:40)","-1.7 (03:40)","2.9","51 (23:40)","24 (23:59)","3.6","0","0","0","3.6"
"Miranda de Ebro","Burgos","10.6 (13:40)","-2.6 (02:00)","4","32 (17:20)","19 (17:20)","0","0","0","0","0"
"Agurain/Salvatierra","Araba/Álava","6.8 (14:00)","-0.5 (00:10)","3.2","42 (23:20)","29 (23:20)","2","0","0","0.2","1.8"
"Vitoria Gasteiz Aeropuerto","Araba/Álava","9.0 (14:30)","-3.0 (00:30)","3","41 (21:00)","27 (21:10)","1","0","0","0","1"
"Belorado","Burgos","8.6 (15:00)","-2.3 (08:00)","3.2","31 (18:00)","20 (18:00)","0.1","0","0","0","0.1"
"Valdezcaray","La Rioja","","","","","","","","0","0","1.4"
"Haro","La Rioja","9.0 (15:30)","0.1 (02:40)","4.6","","","0","0","0","0","0"
"Anguiano, Valvanera","La Rioja","7.5 (15:30)","-2.8 (08:10)","2.4","","","1","0","0","0","1"
"Nájera","La Rioja","10.2 (14:20)","1.1 (06:40)","5.6","35 (21:10)","17 (23:00)","0","0","0","0","0"
"Leza","Araba/Álava","7.9 (16:00)","1.1 (03:20)","4.5","","","2.8","0","0","0.2","2.6"
"Cenicero","La Rioja","9.9 (13:50)","2.2 (07:30)","6","36 (04:50)","22 (04:50)","0","0","0","0","0"
"Logroño, Aeropuerto","La Rioja","10.8 (15:50)","3.5 (03:40)","7.2","35 (12:50)","24 (13:10)","0.1","0","0","0","0.1"
"Los Arcos","Navarra","12.4 (14:20)","2.4 (06:00)","7.4","42 (17:10)","21 (17:10)","0.6","0","0","0","0.6"
"Campezo/Kanpezu","Araba/Álava","7.6 (15:20)","2.9 (03:40)","5.3","","","1.2","0","0","0","1.2"
"Enciso","La Rioja","8.7 (14:30)","0.3 (05:00)","4.5","59 (20:50)","36 (22:30)","0","0","0","0","0"
"Astún- La Raca","Huesca","4.7 (00:00)","-8.3 (21:20)","-1.8","76 (18:30)","52 (18:40)","3.4","0","0","0","3.4"
"Canfranc","Huesca","7.3 (00:00)","1.9 (22:40)","4.6","68 (23:00)","19 (22:20)","0.8","0","0","0.4","0.4"
"Jaca","Huesca","13.4 (14:50)","-2.0 (04:30)","5.7","95 (15:40)","59 (15:40)","0","0","0","0","0"
"Valle de Hecho, Hecho","Huesca","11.2 (13:40)","-2.8 (03:50)","4.2","72 (13:50)","32 (15:10)","0","0","0","0","0"
"Aragüés del Puerto","Huesca","12.9 (13:30)","2.0 (04:50)","7.4","81 (15:20)","44 (15:20)","0","0","0","0","0"
"Bailo, Puyalto","Huesca","11.4 (13:50)","-1.4 (06:40)","5","69 (15:50)","52 (15:00)","0","0","0","0","0"
"Isaba/Izaba","Navarra","8.5 (13:20)","-1.2 (00:10)","3.6","62 (08:00)","34 (08:00)","1.8","0","0","0.2","1.6"
"Oroz-Betelu/Orotz-Betelu","Navarra","8.4 (13:30)","3.4 (23:50)","5.9","67 (22:00)","35 (22:00)","3","0","0","1","2"
"Roncesvalles/Orreaga","Navarra","4.8 (13:10)","-0.3 (07:20)","2.3","52 (23:50)","22 (07:20)","16","0","2.6","7.4","6"
"Navascués/Nabaskoze","Navarra","10.7 (13:40)","-5.6 (05:00)","2.5","","","0.8","0","0","0","0.8"
"Sos del Rey Católico","Zaragoza","9.7 (14:00)","4.3 (23:10)","7","64 (14:30)","38 (14:30)","0","0","0","0","0"
"Cáseda","Navarra","11.2 (13:40)","4.5 (03:40)","7.8","69 (23:40)","29 (23:40)","0.2","0","0","0","0.2"
"Olite/Erriberri","Navarra","11.1 (15:20)","5.0 (06:10)","8.1","61 (16:10)","35 (16:10)","0.6","0","0","0","0.6"
"Esteribar, Embalse de Eugi","Navarra","8.2 (13:10)","2.2 (05:00)","5.2","","","9","0","0","1.8","7.2"
"Monreal/Elo","Navarra","8.6 (14:10)","2.0 (06:10)","5.3","75 (13:50)","55 (13:40)","0.4","0","0","0","0.4"
"Pamplona, Aeropuerto","Navarra","10.5 (14:20)","2.4 (04:20)","6.5","59 (23:20)","42 (23:20)","0.8","0","0","0.1","0.7"
"Aranguren, Ilundain","Navarra","8.8 (14:10)","0.6 (00:50)","4.7","46 (15:50)","25 (15:50)","0.4","0","0","0","0.4"
"Irurtzun","Navarra","8.3 (15:20)","3.0 (04:10)","5.7","40 (03:50)","24 (04:20)","5.8","0","0","1.2","4.6"
"Larraga","Navarra","11.2 (14:20)","3.6 (03:30)","7.4","60 (14:00)","45 (14:10)","0","0","0","0","0"
"San Pedro Manrique","Soria","11.6 (14:20)","-3.8 (00:10)","3.9","57 (23:10)","30 (20:10)","0","0","0","0","0"
"Alfaro, La Plana","La Rioja","10.7 (14:50)","4.2 (07:00)","7.4","64 (16:10)","45 (15:30)","0","0","0","0","0"
"Bardenas Reales, Base Aérea","Navarra","11.5 (14:00)","5.6 (07:10)","8.5","77 (09:50)","57 (09:50)","0","0","0","0","0"
"Tarazona","Zaragoza","11.5 (13:50)","2.2 (01:40)","6.9","59 (15:10)","30 (11:00)","0","0","0","0","0"
"Monteagudo","Navarra","11.2 (16:00)","0.0 (03:10)","5.6","","","0.2","0","0","0","0.2"
"Tudela","Navarra","11.9 (15:20)","5.9 (07:20)","8.9","51 (10:20)","24 (10:30)","0","0","0","0","0"
"Ejea de los Caballeros","Zaragoza","13.0 (15:30)","2.9 (00:00)","8","48 (10:50)","22 (10:50)","0","0","0","0","0"
"Castejon de Valdejasa","Zaragoza","10.6 (15:40)","2.4 (05:10)","6.5","79 (15:10)","45 (15:00)","0","0","0","0","0"
"Arcos de Jalón","Soria","13.9 (16:10)","-2.8 (06:50)","5.5","44 (18:10)","21 (18:10)","0","0","0","0","0"
"Almazul","Soria","11.0 (15:40)","-3.3 (06:30)","3.9","68 (21:20)","51 (11:00)","0","0","0","0","0"
"Alhama de Aragon","Zaragoza","15.4 (16:40)","-6.2 (06:40)","4.6","","","0","0","0","0","0"
"Santa Eulalia del Campo","Teruel","12.0 (14:50)","-7.7 (08:50)","2.2","55 (22:30)","42 (22:40)","0","0","0","0","0"
"El Pedregal","Guadalajara","11.0 (16:50)","0.9 (06:40)","5.9","37 (14:50)","22 (15:00)","0","0","0","0","0"
"Calamocha","Teruel","12.6 (15:50)","-7.8 (07:40)","2.4","49 (19:50)","23 (19:50)","0","0","0","0","0"
"Daroca","Zaragoza","13.3 (15:30)","-6.5 (07:20)","3.4","32 (15:10)","14 (17:20)","0","0","0","0","0"
"Calatayud","Zaragoza","15.3 (16:10)","-5.5 (07:30)","4.9","32 (20:50)","20 (15:30)","0","0","0","0","0"
"La Almunia de Doña Godina","Zaragoza","14.5 (14:40)","0.6 (02:50)","7.6","52 (15:30)","28 (15:40)","0","0","0","0","0"
"Zaragoza, Aeropuerto","Zaragoza","12.7 (14:50)","6.4 (05:40)","9.5","87 (15:30)","63 (15:20)","0","0","0","0","0"
"Zaragoza, Valdespartera","Zaragoza","12.5 (14:50)","6.8 (08:50)","9.7","91 (15:30)","50 (15:10)","0.2","0","0","0.2","0"
"Fonfría","Teruel","8.5 (13:30)","-1.5 (08:00)","3.5","69 (19:00)","50 (19:00)","0","0","0","0","0"
"Formigal, Sarrios","Huesca","6.3 (00:00)","-3.8 (22:50)","1.3","","","0","0","0","0","0"
"Panticosa, Petrosos","Huesca","7.5 (00:00)","-1.1 (23:30)","3.2","84 (22:50)","49 (23:20)","0","0","0","0","0"
"Biescas, Embalse de Búbal","Huesca","12.2 (14:30)","-0.4 (02:20)","5.9","49 (18:20)","18 (15:20)","0","0","0","0","0"
"Sabiñánigo","Huesca","15.8 (14:00)","-4.7 (05:20)","5.6","52 (21:40)","31 (21:40)","0","0","0","0","0"
"Almudévar","Huesca","","","","","","","0","0","0",""
"Leciñena","Zaragoza","13.6 (14:20)","-0.4 (04:50)","6.6","74 (22:30)","50 (21:30)","0","0","0","0","0"
"Valmadrid","Zaragoza","10.3 (12:50)","5.9 (23:40)","8.1","97 (17:50)","64 (16:10)","0","0","0","0","0"
"Quinto","Zaragoza","13.5 (14:30)","1.7 (00:00)","7.6","90 (15:00)","60 (18:40)","0","0","0","0","0"
"Muniesa","Teruel","10.9 (13:30)","-0.1 (05:10)","5.4","77 (23:59)","42 (23:59)","0","0","0","0","0"
"Montalbán","Teruel","13.4 (16:10)","-2.7 (06:20)","5.3","48 (22:30)","22 (22:30)","0","0","0","0","0"
"Hijar","Teruel","14.9 (13:40)","2.9 (05:30)","8.9","62 (21:50)","30 (18:40)","0","0","0","0","0"
"Andorra, Horcallana","Teruel","11.0 (15:00)","1.7 (08:10)","6.4","104 (21:00)","72 (21:00)","0","0","0","0","0"
"Castellote","Teruel","12.0 (16:00)","4.7 (07:00)","8.3","79 (21:30)","36 (21:00)","0","0","0","0","0"
"Morella","Castelló/Castellón","9.2 (12:50)","3.9 (23:59)","6.5","92 (20:10)","52 (20:20)","0","0","0","0","0"
"Castellfort","Castelló/Castellón","8.6 (02:50)","2.2 (23:40)","5.4","","","0","0","0","0","0"
"Calanda","Teruel","12.8 (14:00)","2.5 (06:00)","7.7","73 (22:40)","41 (22:30)","0","0","0","0","0"
"Alcañiz","Teruel","13.2 (14:00)","-1.5 (08:10)","5.8","71 (21:00)","36 (18:40)","0","0","0","0","0"
"Caspe, Plana del Pilón","Zaragoza","13.8 (15:10)","5.8 (05:00)","9.8","81 (19:10)","56 (16:30)","0","0","0","0","0"
"La Molina","Girona","7.4 (14:50)","-0.1 (23:20)","3.7","65 (21:10)","40 (21:10)","0","0","0","0","0"
"Martinet","Lleida","17.2 (14:40)","-7.2 (08:20)","5","52 (23:20)","31 (23:20)","0","0","0","0","0"
"La Seu d'Urgell","Lleida","19.4 (15:00)","-7.0 (06:50)","6.2","35 (15:40)","13 (15:40)","0","0","0","0","0"
"Tuixent","Lleida","14.0 (12:50)","-1.1 (07:30)","6.4","49 (21:50)","23 (22:00)","0","0","0","0","0"
"Coll de Nargó","Lleida","","","","","","","","0","0",""
"Torà","Lleida","12.3 (16:40)","-6.8 (07:40)","2.8","","","0","0","0","0","0"
"Artesa de Segre","Lleida","12.2 (16:50)","-5.7 (07:40)","3.3","","","0","0","0","0","0"
"Esterri d'Àneu","Lleida","12.1 (14:00)","-4.8 (05:10)","3.7","64 (21:10)","23 (22:40)","0","0","0","0","0"
"Port Ainé","Lleida","2.7 (00:00)","-7.7 (23:59)","-2.5","124 (20:30)","105 (21:00)","","","","",""
"Talarn","Lleida","17.3 (14:50)","0.5 (08:00)","8.9","41 (17:50)","24 (17:50)","0","0","0","0","0"
"Llimiana","Lleida","17.3 (15:10)","-4.7 (07:40)","6.3","28 (16:30)","15 (15:50)","0","0","0","0","0"
"Tordera - Granyanella","Lleida","13.7 (17:00)","1.8 (08:20)","7.7","41 (20:30)","29 (17:40)","0","0","0","0","0"
"Os de Balaguer","Lleida","15.3 (16:00)","-3.1 (08:50)","6.1","28 (15:30)","21 (14:50)","0","0","0","0","0"
"Llorac","Tarragona","11.5 (16:50)","-0.8 (01:10)","5.3","53 (14:40)","39 (12:10)","0","0","0","0","0"
"Vall de Boí","Lleida","13.9 (14:10)","-4.5 (04:10)","4.7","57 (14:50)","22 (10:00)","0","0","0","0","0"
"Sopeira","Huesca","16.5 (14:20)","-0.3 (09:30)","8.1","61 (18:10)","35 (03:20)","0","0","0","0","0"
"Benabarre","Huesca","14.1 (16:30)","-0.5 (05:10)","6.8","26 (14:30)","17 (22:10)","0","0","0","0","0"
"Lleida","Lleida","17.0 (15:50)","-2.6 (07:40)","7.2","49 (16:00)","27 (22:10)","0","0","0","0","0"
"La Pobla de Cérvoles","Lleida","12.0 (16:10)","3.7 (08:00)","7.9","","","0","0","0","0","0"
"El Soleràs","Lleida","15.6 (16:00)","3.1 (06:10)","9.4","","","0","0","0","0","0"
"Bielsa","Huesca","14.3 (14:10)","0.3 (00:00)","7.3","87 (21:40)","32 (21:40)","0","0","0","0","0"
"Aínsa-Sobrarbe, La Serreta","Huesca","18.8 (14:50)","-3.1 (07:40)","7.8","62 (16:10)","35 (22:50)","0","0","0","0","0"
"Torla-Ordesa, El Cebollar","Huesca","6.9 (01:00)","-2.5 (23:59)","2.2","65 (07:20)","48 (07:30)","0","0","0","0","0"
"Torla - Ordesa","Huesca","13.8 (14:10)","3.6 (04:40)","8.7","108 (23:20)","47 (23:50)","0","0","0","0","0"
"Benasque","Huesca","12.4 (13:50)","-2.9 (04:00)","4.7","78 (22:40)","39 (19:50)","0","0","0","0","0"
"Cerler, Cogulla","Huesca","4.6 (01:00)","-4.8 (23:50)","-0.1","134 (22:50)","113 (21:50)","","0","0","0",""
"Seira","Huesca","16.9 (14:40)","-0.9 (05:20)","8","48 (23:40)","20 (15:10)","0","0","0","0","0"
"Capella, Laguarres","Huesca","16.3 (16:50)","-4.4 (08:50)","5.9","18 (14:40)","12 (14:50)","0","0","0","0","0"
"Barbastro","Huesca","16.3 (16:30)","-4.7 (07:30)","5.8","43 (16:40)","20 (17:10)","0","0","0","0","0"
"Sariñena","Huesca","14.8 (14:20)","-2.4 (08:20)","6.2","71 (16:30)","39 (16:40)","0","0","0","0","0"
"Huesca, Aeropuerto","Huesca","16.3 (13:50)","0.3 (07:20)","8.3","60 (21:10)","35 (21:00)","0","0","0","0","0"
"Huesca","Huesca","16.9 (14:00)","-1.5 (06:00)","7.7","","","0","0","0","0","0"
"Lanaja","Huesca","13.6 (14:20)","3.1 (08:30)","8.4","84 (17:30)","61 (17:30)","0","0","0","0","0"
"Ballobar","Huesca","16.8 (15:10)","-2.4 (07:20)","7.2","78 (18:20)","45 (18:20)","0","0","0","0","0"
"Tamarite de Litera, La Melusa","Huesca","16.5 (16:30)","-4.8 (06:40)","5.8","40 (17:50)","17 (16:50)","0","0","0","0","0"
"Fraga","Huesca","17.3 (15:20)","-1.8 (07:50)","7.7","64 (22:20)","41 (22:10)","0","0","0","0","0"
"Valderrobres","Teruel","11.6 (14:20)","-5.2 (08:30)","3.2","55 (16:20)","28 (16:10)","0","0","0","0","0"
"Horta de Sant Joan","Tarragona","12.6 (15:00)","1.6 (06:30)","7.1","","","0","0","0","0","0"
"La Pobla de Massaluca","Tarragona","13.0 (16:00)","6.1 (08:20)","9.5","60 (21:20)","40 (21:20)","0","0","0","0","0"
"Cabacés","Tarragona","14.7 (16:10)","4.1 (07:40)","9.4","34 (16:50)","10 (12:30)","0","0","0","0","0"
"Rasquera","Tarragona","15.5 (15:30)","4.5 (01:40)","10","65 (18:20)","31 (18:00)","0","0","0","0","0"
"Estación de Tortosa (Roquetes)","Tarragona","17.4 (15:00)","5.7 (01:00)","11.5","91 (22:20)","39 (22:20)","0","0","0","0","0"
"Cap de Vaquèira","Lleida","1.5 (00:10)","-9.3 (23:30)","-3.9","60 (18:30)","48 (18:20)","","","","",""
"Naut Aran, Arties","Lleida","4.7 (14:40)","-4.5 (06:10)","0.1","42 (20:30)","13 (20:30)","0","0","0","0","0"
"Bossòst","Lleida","8.6 (14:10)","-3.5 (05:10)","2.6","33 (22:20)","18 (22:20)","0.2","0","0","0","0.2"
"Valcarlos/Luzaide","Navarra","7.9 (14:30)","0.9 (01:40)","4.4","47 (18:30)","27 (23:40)","9","0","2.6","2","4.4"
"Bello","Teruel","11.2 (16:10)","-6.9 (06:40)","2.1","37 (14:40)","24 (15:30)","0","0","0","0","0"
"Escorca, Lluc","Illes Balears","17.9 (13:30)","-0.1 (08:10)","8.9","19 (13:40)","6 (13:40)","0","0","0","0","0"
"Sóller, Puerto","Illes Balears","17.6 (12:30)","5.7 (07:30)","11.7","32 (13:10)","22 (13:10)","0","0","0","0","0"
"Banyalbufar","Illes Balears","17.5 (12:30)","8.6 (19:10)","13.1","35 (22:50)","21 (23:00)","0","0","0","0","0"
"Andratx - Sant Elm","Illes Balears","17.4 (13:00)","4.1 (04:10)","10.7","30 (10:10)","8 (10:00)","0","0","0","0","0"
"Calvià, Es Capdellà","Illes Balears","","","","","","","","","",""
"Palma, Puerto","Illes Balears","19.9 (14:10)","6.3 (07:40)","13.1","30 (14:40)","17 (14:30)","0","0","0","0","0"
"Palma, Universitat","Illes Balears","19.9 (13:00)","-0.4 (03:00)","9.7","33 (14:00)","16 (14:00)","0","0","0","0","0"
"Sierra de Alfabia, Bunyola","Illes Balears","13.8 (13:10)","4.5 (22:40)","9.2","63 (22:50)","52 (09:20)","0","0","0","0","0"
"Son Bonet, Aeropuerto","Illes Balears","19.7 (13:30)","3.2 (05:10)","11.5","30 (14:00)","24 (14:00)","0","0","0","0","0"
"Palma de Mallorca, Aeropuerto","Illes Balears","20.0 (13:00)","1.0 (07:40)","10.5","39 (14:30)","26 (14:40)","0","0","0","0","0"
"Llucmajor, Cap Blanc","Illes Balears","19.9 (12:20)","9.0 (21:30)","14.4","28 (07:30)","19 (07:20)","0","0","0","0","0"
"Llucmajor","Illes Balears","19.7 (14:10)","6.9 (23:40)","13.3","","","0.2","0","0.2","0","0"
"Porreres","Illes Balears","20.4 (13:40)","5.9 (08:10)","13.1","31 (02:10)","18 (02:40)","0","0","0","0","0"
"Campos, Can Sion","Illes Balears","18.3 (12:30)","0.5 (06:20)","9.4","25 (17:00)","13 (16:00)","0","0","0","0","0"
"Campos, Salines Llevant","Illes Balears","18.4 (13:10)","0.9 (07:30)","9.6","31 (15:40)","19 (17:30)","0","0","0","0","0"
"Santanyí","Illes Balears","17.0 (12:00)","7.1 (05:30)","12","27 (17:00)","17 (17:00)","0.3","0.1","0.2","0","0"
"Portocolom","Illes Balears","17.1 (13:20)","10.1 (22:50)","13.6","42 (03:20)","21 (03:20)","0","0","0","0","0"
"Son Servera","Illes Balears","18.6 (10:00)","3.9 (07:30)","11.3","28 (14:30)","19 (14:30)","0","0","0","0","0"
"Artà","Illes Balears","19.4 (12:50)","4.8 (08:40)","12.1","","","0","0","0","0","0"
"Capdepera","Illes Balears","19.3 (12:50)","11.1 (23:40)","15.2","40 (14:10)","32 (13:50)","0","0","0","0","0"
"Artà-Colònia de Sant Pere","Illes Balears","18.1 (13:00)","9.2 (22:40)","13.7","","","0","0","0","0","0"
"Muro, S'Albufera","Illes Balears","18.3 (12:50)","1.4 (07:40)","9.8","31 (14:30)","18 (14:30)","0","0","0","0","0"
"Manacor","Illes Balears","17.6 (12:50)","7.1 (23:59)","12.4","37 (01:20)","27 (00:50)","0","0","0","0","0"
"Petra","Illes Balears","18.8 (14:10)","4.0 (08:30)","11.4","34 (14:20)","24 (14:20)","0","0","0","0","0"
"Sineu","Illes Balears","18.6 (13:50)","6.8 (08:20)","12.7","31 (01:10)","19 (00:10)","0","0","0","0","0"
"Santa María del Camí","Illes Balears","20.1 (14:00)","4.4 (08:40)","12.3","28 (16:50)","16 (15:40)","0","0","0","0","0"
"Binissalem","Illes Balears","20.4 (14:20)","2.6 (08:10)","11.5","28 (16:00)","19 (15:50)","0","0","0","0","0"
"Escorca, Son Torrella","Illes Balears","12.9 (13:10)","3.4 (19:10)","8.1","","","0","0","0","0","0"
"Sa Pobla","Illes Balears","19.1 (13:30)","1.8 (07:10)","10.5","31 (15:20)","19 (15:30)","0","0","0","0","0"
"Pollença","Illes Balears","20.2 (13:10)","2.2 (07:10)","11.2","31 (13:50)","15 (13:30)","0","0","0","0","0"
"Port de Pollença","Illes Balears","19.5 (12:40)","4.0 (08:10)","11.8","39 (14:10)","17 (14:10)","0","0","0","0","0"
"La Mola, Maó","Illes Balears","14.7 (12:00)","8.2 (07:20)","11.4","","39 (20:20)","0","0","0","0","0"
"Es Mercadal","Illes Balears","13.4 (10:40)","7.9 (21:30)","10.6","36 (15:00)","23 (15:00)","0","0","0","0","0"
"Ciutadella","Illes Balears","15.9 (12:30)","4.6 (05:50)","10.2","","","0","0","0","0","0"
"Menorca, Aeropuerto","Illes Balears","14.8 (12:30)","5.6 (07:30)","10.2","48 (15:50)","36 (15:10)","0","0","0","0","0"
"Sant Joan de Labritja","Illes Balears","18.5 (12:50)","0.2 (00:00)","9.4","","","0","0","0","0","0"
"Sant Antoni de Portmany","Illes Balears","17.4 (12:10)","3.7 (08:40)","10.5","17 (13:40)","8 (13:40)","0","0","0","0","0"
"Ibiza, Aeropuerto","Illes Balears","17.7 (12:00)","6.1 (22:40)","11.9","32 (15:10)","23 (15:10)","0","0","0","0","0"
"Eivissa","Illes Balears","19.3 (13:30)","2.4 (07:50)","10.8","21 (12:50)","12 (14:30)","0","0","0","0","0"
"Formentera","Illes Balears","19.9 (13:50)","7.0 (23:10)","13.4","24 (18:20)","14 (17:10)","0.1","0.1","0","0","0"
"Tías","Las Palmas","20.7 (14:40)","12.0 (05:30)","16.4","53 (21:50)","36 (22:50)","0","0","0","0","0"
"Yaiza Playa Blanca","Las Palmas","22.7 (20:20)","14.3 (07:10)","18.5","52 (22:00)","32 (21:10)","0","0","0","0","0"
"Lanzarote Aeropuerto","Las Palmas","23.7 (14:10)","13.2 (07:40)","18.5","37 (22:10)","22 (16:40)","0","0","0","0","0"
"Haría","Las Palmas","21.1 (14:00)","11.2 (08:00)","16.2","45 (13:30)","29 (13:30)","0","0","0","0","0"
"Tinajo","Las Palmas","21.5 (16:10)","10.5 (06:50)","16","56 (13:30)","43 (14:00)","0","0","0","0","0"
"Roque de los Muchachos","Santa Cruz de Tenerife","","","","","","","","","",""
"Puntagorda","Santa Cruz de Tenerife","16.9 (14:30)","9.1 (05:00)","13","24 (09:10)","16 (09:10)","0","0","0","0","0"
"Tijarafe","Santa Cruz de Tenerife","17.0 (14:20)","10.3 (05:30)","13.7","22 (12:40)","13 (07:20)","0","0","0","0","0"
"El Paso","Santa Cruz de Tenerife","15.8 (16:30)","4.3 (08:10)","10.1","24 (16:30)","16 (14:20)","0","0","0","0","0"
"Fuencaliente","Santa Cruz de Tenerife","22.4 (15:00)","15.7 (07:00)","19","31 (16:10)","21 (15:00)","0","0","0","0","0"
"Tazacorte","Santa Cruz de Tenerife","22.5 (14:40)","15.5 (05:20)","19","17 (23:50)","10 (00:40)","0","0","0","0","0"
"La Palma Aeropuerto","Santa Cruz de Tenerife","20.9 (13:30)","14.7 (07:10)","17.8","22 (12:00)","15 (12:00)","0","0","0","0","0"
"San Andrés y Sauces","Santa Cruz de Tenerife","18.3 (14:50)","12.1 (21:40)","15.2","27 (08:20)","19 (07:40)","0","0","0","0","0"
"Pájara","Las Palmas","24.9 (16:40)","15.3 (06:20)","20.1","49 (23:20)","26 (23:20)","0","0","0","0","0"
"Tuineje,Puerto Gran Tarajal","Las Palmas","23.5 (17:50)","11.5 (07:00)","17.5","49 (23:10)","21 (18:40)","0","0","0","0","0"
"Antigua","Las Palmas","22.2 (15:00)","10.8 (06:50)","16.5","33 (13:50)","24 (13:50)","0","0","0","0","0"
"Fuerteventura Aeropuerto","Las Palmas","22.3 (16:00)","13.1 (05:40)","17.7","35 (00:50)","25 (01:00)","0","0","0","0","0"
"La Oliva","Las Palmas","21.5 (14:10)","10.3 (07:40)","15.9","43 (13:50)","26 (14:40)","0","0","0","0","0"
"La Oliva, Puerto de Corralejo","Las Palmas","20.6 (11:50)","15.6 (03:30)","18.1","44 (13:00)","31 (12:50)","0","0","0","0","0"
"Vallehermoso, Alto Igualero","Santa Cruz de Tenerife","14.7 (15:30)","7.2 (01:40)","10.9","35 (23:50)","30 (21:50)","0","0","0","0","0"
"Arure","Santa Cruz de Tenerife","16.7 (16:00)","7.5 (03:50)","12.1","21 (01:00)","17 (08:20)","0","0","0","0","0"
"Agulo","Santa Cruz de Tenerife","18.5 (12:40)","8.7 (06:00)","13.6","27 (23:00)","18 (23:20)","0.2","0.2","0","0","0"
"Vallehermoso, Dama","Santa Cruz de Tenerife","23.5 (14:30)","11.8 (06:50)","17.7","19 (18:00)","11 (14:10)","0","0","0","0","0"
"Hermigua","Santa Cruz de Tenerife","18.8 (15:20)","11.5 (23:30)","15.1","21 (04:20)","12 (03:00)","0","0","0","0","0"
"San Sebastián de la Gomera","Santa Cruz de Tenerife","21.7 (13:50)","14.1 (06:20)","17.9","40 (04:50)","19 (14:20)","0","0","0","0","0"
"La Orotava, Cañadas Teide","Santa Cruz de Tenerife","14.2 (13:40)","-4.0 (01:30)","5.1","42 (13:40)","25 (15:10)","0","0","0","0","0"
"Adeje","Santa Cruz de Tenerife","","","","","","","0","0","",""
"Arico","Santa Cruz de Tenerife","20.0 (14:40)","11.4 (08:20)","15.7","32 (16:50)","18 (12:40)","0","0","0","0","0"
"Tenerife Sur Aeropuerto","Santa Cruz de Tenerife","23.3 (14:30)","12.5 (06:00)","17.9","41 (16:40)","30 (18:10)","0","0","0","0","0"
"Izaña","Santa Cruz de Tenerife","11.0 (13:10)","0.3 (00:50)","5.7","44 (14:30)","34 (08:00)","0","0","0","0","0"
"Candelaria","Santa Cruz de Tenerife","18.6 (14:10)","10.2 (07:40)","14.4","22 (05:00)","16 (06:00)","0","0","0","0","0"
"Güímar","Santa Cruz de Tenerife","20.4 (16:00)","11.3 (06:50)","15.8","21 (13:40)","17 (15:00)","0","0","0","0","0"
"San Cristóbal de La Laguna,Llano de los Loros","Santa Cruz de Tenerife","19.3 (13:20)","7.0 (03:00)","13.1","30 (23:00)","24 (22:50)","0","0","0","0","0"
"Tenerife Norte Aeropuerto","Santa Cruz de Tenerife","17.9 (14:50)","8.4 (03:30)","13.1","22 (09:40)","18 (09:40)","0","0","0","0","0"
"Sta.Cruz de Tenerife","Santa Cruz de Tenerife","22.7 (16:00)","14.9 (06:10)","18.8","30 (16:50)","18 (17:00)","0","0","0","0","0"
"Anaga","Santa Cruz de Tenerife","23.2 (16:00)","12.8 (06:20)","18","28 (17:00)","13 (16:40)","0","0","0","0","0"
"La Victoria de Acentejo","Santa Cruz de Tenerife","16.6 (15:00)","7.8 (08:40)","12.2","21 (01:40)","17 (03:00)","0","0","0","0","0"
"Tacoronte","Santa Cruz de Tenerife","19.5 (16:30)","10.5 (07:30)","15","25 (18:00)","17 (08:20)","0","0","0","0","0"
"Puerto de la Cruz","Santa Cruz de Tenerife","22.7 (14:40)","14.1 (08:20)","18.4","17 (06:50)","11 (13:20)","0","0","0","0","0"
"San Juan de la Rambla","Santa Cruz de Tenerife","15.8 (10:10)","8.6 (04:30)","12.2","23 (04:30)","18 (04:40)","0","0","0","0","0"
"Vega de San Mateo","Las Palmas","15.0 (13:30)","1.0 (00:10)","8","33 (23:59)","18 (23:50)","0","0","0","0","0"
"Tejeda, Cruz de Tejeda","Las Palmas","16.1 (16:10)","5.4 (01:00)","10.8","26 (15:50)","14 (15:40)","0","0","0","0","0"
"Tejeda","Las Palmas","19.5 (14:00)","10.3 (00:00)","14.9","23 (23:10)","14 (23:30)","0","0","0","0","0"
"Agaete","Las Palmas","21.8 (15:00)","15.4 (08:00)","18.6","33 (13:30)","28 (13:30)","0","0","0","0","0"
"La Aldea de San Nicolás","Las Palmas","22.0 (14:40)","10.5 (06:30)","16.3","46 (16:50)","25 (15:30)","0","0","0","0","0"
"San Bartolome Tirajana, Cuevas del Pinar","Las Palmas","17.5 (16:00)","8.2 (00:00)","12.8","27 (22:50)","17 (08:40)","0","0","0","0","0"
"San Bartolome Tirajana, Lomo Pedro Alfonso","Las Palmas","20.1 (15:30)","10.9 (00:00)","15.5","27 (23:50)","17 (23:00)","0","0","0","0","0"
"La Aldea de San Nicolás, Tasarte","Las Palmas","23.9 (15:30)","12.1 (03:00)","18","29 (13:50)","22 (15:50)","0","0","0","0","0"
"Mogán, Puerto","Las Palmas","23.0 (15:30)","13.2 (08:00)","18.1","21 (06:30)","17 (06:40)","","","","",""
"San Bartolome Tirajana, Las Tirajanas","Las Palmas","20.7 (14:20)","8.7 (00:50)","14.7","17 (13:40)","9 (00:50)","0","0","0","0","0"
"Maspalomas, C. Insular Turismo","Las Palmas","22.7 (17:40)","13.7 (07:40)","18.2","29 (14:50)","16 (15:40)","0","0","0","0","0"
"San Bartolome Tirajana, El Matorral","Las Palmas","24.2 (13:20)","11.3 (04:50)","17.8","31 (14:00)","21 (14:20)","0","0","0","0","0"
"Agüimes","Las Palmas","22.8 (13:50)","11.3 (06:10)","17","29 (14:20)","20 (14:30)","0","0","0","0","0"
"Telde, Centro Forestal Doramas","Las Palmas","20.1 (13:50)","9.9 (07:30)","15","22 (07:50)","15 (07:50)","0","0","0","0","0"
"Gran Canaria Aeropuerto","Las Palmas","22.3 (13:00)","13.4 (03:30)","17.8","37 (10:40)","28 (15:30)","0","0","0","0","0"
"Telde, Melenara","Las Palmas","21.1 (12:30)","12.0 (03:20)","16.6","23 (14:40)","15 (13:40)","0","0","0","0","0"
"Teror","Las Palmas","19.0 (13:00)","5.4 (06:10)","12.2","19 (23:50)","11 (19:10)","0","0","0","0","0"
"Las Palmas de Gran Canaria, Tafira","Las Palmas","20.1 (13:40)","11.5 (07:50)","15.8","17 (14:00)","10 (08:20)","0","0","0","0","0"
"Las Palmas de Gran Canaria, San Cristobal","Las Palmas","23.9 (12:40)","14.7 (08:40)","19.3","22 (02:10)","17 (07:30)","0","0","0","0","0"
"Las Palmas de Gran Canaria, Pl. de la Feria","Las Palmas","21.2 (13:40)","15.9 (06:20)","18.6","15 (14:10)","10 (14:10)","0","0","0","0","0"
"Valleseco","Las Palmas","17.6 (12:10)","7.5 (06:20)","12.6","33 (20:40)","26 (20:40)","0","0","0","0","0"
"Agaete - Suerte Alta","Las Palmas","","","","31 (15:00)","21 (13:40)","","0","","0","0"
"Arucas","Las Palmas","20.0 (15:00)","12.3 (07:20)","16.2","14 (15:50)","9 (00:10)","0","0","0","0","0"
"Maspalomas","Las Palmas","","","","33 (15:00)","27 (15:00)","0","0","0","0","0"
"Teguise","Las Palmas","23.6 (20:00)","13.7 (08:20)","18.7","","","0","0","0","0","0"
"El Pinar, Depósito","Santa Cruz de Tenerife","15.7 (16:10)","3.7 (06:10)","9.7","21 (12:40)","13 (13:40)","0","0","0","0","0"
"El Pinar, La Dehesa","Santa Cruz de Tenerife","17.7 (16:40)","8.5 (06:20)","13.1","26 (16:00)","13 (05:10)","0","0","0","0","0"
"San Andrés, Valverde","Santa Cruz de Tenerife","14.2 (16:00)","3.6 (04:30)","8.9","18 (14:20)","13 (07:20)","0","0","0","0","0"
"Valverde","Santa Cruz de Tenerife","15.0 (14:40)","10.0 (07:30)","12.5","23 (12:40)","17 (08:00)","0","0","0","0","0"
"Hierro Aeropuerto","Santa Cruz de Tenerife","20.9 (12:50)","16.1 (06:50)","18.5","26 (07:50)","18 (07:50)","0","0","0","0","0"
"Frontera, Sabinosa","Santa Cruz de Tenerife","20.4 (12:10)","15.3 (04:00)","17.8","24 (15:30)","14 (17:10)","0","0","0","0","0"
